year,month,tmn
1895,12,-2.599999905
1895,11,0.579999983
1895,10,7.010000229
1896,4,-2.069999933
1896,8,11.35999966
1896,12,0.379999995
1896,2,-0.99000001
1896,1,0.129999995
1896,7,13.44999981
1896,6,8.539999962
1896,3,-0.100000001
1896,5,1.929999948
1896,11,0.529999971
1896,10,5.800000191
1896,9,8
1897,4,2.369999886
1897,8,13.73999977
1897,12,-2.660000086
1897,2,-2.809999943
1897,1,-2.400000095
1897,7,11.93999958
1897,6,8
1897,3,-3.630000114
1897,5,5.75
1897,11,0.25
1897,10,4.400000095
1897,9,7.880000114
1898,4,2.440000057
1898,8,12.93000031
1898,12,-2.839999914
1898,2,-0.460000008
1898,1,-4.949999809
1898,7,13.09000015
1898,6,8.229999542
1898,3,-2.839999914
1898,5,2.920000076
1898,11,0.310000002
1898,10,4.46999979
1898,9,7.159999847
1899,4,1.139999986
1899,8,9.289999962
1899,12,-0.920000017
1899,2,-2.849999905
1899,1,-1.639999986
1899,7,8.859999657
1899,6,8.789999962
1899,3,-1.269999981
1899,5,1.610000014
1899,11,2.210000038
1899,10,3.440000057
1899,9,7.650000095
1900,4,0.170000002
1900,8,8.680000305
1900,12,-0.959999979
1900,2,-1.450000048
1900,1,-0.01
1900,7,11.27000046
1900,6,9.050000191
1900,3,1.549999952
1900,5,4.360000134
1900,11,2.549999952
1900,10,3.789999962
1900,9,5.46999979
1901,4,1.230000019
1901,8,12.42000008
1901,12,-0.649999976
1901,2,-1.809999943
1901,1,-2.559999943
1901,7,11.13000011
1901,6,7.139999866
1901,3,0.730000019
1901,5,3.730000019
1901,11,4.079999924
1901,10,6.130000114
1901,9,6.619999886
1902,4,1.029999971
1902,8,9.909999847
1902,12,-1.049999952
1902,2,0.170000002
1902,1,-2.99000001
1902,7,11.21000004
1902,6,7.380000114
1902,3,-2.450000048
1902,5,2.25999999
1902,11,0.039999999
1902,10,3.450000048
1902,9,9.93999958
1903,4,-1.470000029
1903,8,8.590000153
1903,12,-1.370000005
1903,2,-6.5
1903,1,-1.330000043
1903,7,10.30000019
1903,6,7.860000134
1903,3,-1.669999957
1903,5,3.440000057
1903,11,3.200000048
1903,10,4.679999828
1903,9,8.550000191
1904,4,3.269999981
1904,8,11.67000008
1904,12,-0.959999979
1904,2,-1.360000014
1904,1,-1.50999999
1904,7,13.43000031
1904,6,8.039999962
1904,3,-0.600000024
1904,5,4.960000038
1904,11,2.400000095
1904,10,4.539999962
1904,9,7.739999771
1905,4,2.049999952
1905,8,12.96000004
1905,12,-2.569999933
1905,2,-0.280000001
1905,1,0.610000014
1905,7,13.31999969
1905,6,7.510000229
1905,3,1.779999971
1905,5,4.119999886
1905,11,1.700000048
1905,10,5.630000114
1905,9,8.729999542
1906,4,2.029999971
1906,8,12.82999992
1906,12,-0.699999988
1906,2,1.029999971
1906,1,-0.180000007
1906,7,14.30000019
1906,6,6.409999847
1906,3,-0.330000013
1906,5,3.220000029
1906,11,0.159999996
1906,10,5.510000229
1906,9,8.380000114
1907,4,1.960000038
1907,8,9.340000153
1907,12,-1.059999943
1907,2,1.590000033
1907,1,-4.050000191
1907,7,10.64000034
1907,6,5.809999943
1907,3,-3.019999981
1907,5,3.690000057
1907,11,1.480000019
1907,10,4.559999943
1907,9,5.630000114
1908,4,2.279999971
1908,8,11.47000027
1908,12,-2.390000105
1908,2,-2.599999905
1908,1,-1.74000001
1908,7,13.43000031
1908,6,6.210000038
1908,3,-1.269999981
1908,5,2.140000105
1908,11,1.159999967
1908,10,3.180000067
1908,9,8.630000114
1909,4,2.539999962
1909,8,10.28999996
1909,12,-2.390000105
1909,2,-1.610000014
1909,1,0.709999979
1909,7,10.88000011
1909,6,8.619999886
1909,3,-1.480000019
1909,5,4.170000076
1909,11,1.820000052
1909,10,5.139999866
1909,9,8.920000076
1910,4,3.539999962
1910,8,11.26000023
1910,12,0.219999999
1910,2,-2.289999962
1910,1,-3.849999905
1910,7,12.13000011
1910,6,7.480000019
1910,3,1.700000048
1910,5,6.489999771
1910,11,1.49000001
1910,10,5.199999809
1910,9,7
1911,4,0.629999995
1911,8,9.380000114
1911,12,-4.150000095
1911,2,-4.889999866
1911,1,-2.539999962
1911,7,12.64999962
1911,6,7.420000076
1911,3,1.200000048
1911,5,2.119999886
1911,11,-0.460000008
1911,10,2.710000038
1911,9,4.619999886
1912,4,-0.810000002
1912,8,8.149999619
1912,12,-2.819999933
1912,2,-1.129999995
1912,1,-1.779999971
1912,7,9.579999924
1912,6,6.96999979
1912,3,-2.25
1912,5,3.599999905
1912,11,0.879999995
1912,10,1.940000057
1912,9,7.099999905
1913,4,0.550000012
1913,8,11.94999981
1913,12,-2.200000048
1913,2,-3.700000048
1913,1,-4.900000095
1913,7,11.26000023
1913,6,7.25
1913,3,-2.779999971
1913,5,5.210000038
1913,11,0.959999979
1913,10,4.03000021
1913,9,8.649999619
1914,4,2.349999905
1914,8,10.94999981
1914,12,-4.559999943
1914,2,-2
1914,1,-1.620000005
1914,7,10.89000034
1914,6,7.460000038
1914,3,1.309999943
1914,5,6.25
1914,11,2.25
1914,10,5.159999847
1914,9,7.619999886
1915,4,2.130000114
1915,8,11.43999958
1915,12,-1.139999986
1915,2,-1.110000014
1915,1,-2.710000038
1915,7,10.53999996
1915,6,7.440000057
1915,3,0.670000017
1915,5,3.140000105
1915,11,-0.25999999
1915,10,4.940000057
1915,9,7.559999943
1916,4,2.609999895
1916,8,12.40999985
1916,12,-3.410000086
1916,2,0.360000014
1916,1,-4.78000021
1916,7,12.06999969
1916,6,7.559999943
1916,3,0.769999981
1916,5,3.599999905
1916,11,-1.070000052
1916,10,2.630000114
1916,9,8.729999542
1917,4,0.529999971
1917,8,12.67000008
1917,12,1.620000005
1917,2,-1.669999957
1917,1,-4.619999886
1917,7,14.05000019
1917,6,8.880000114
1917,3,-3.930000067
1917,5,2.869999886
1917,11,2.720000029
1917,10,8.359999657
1917,9,10.01000023
1918,4,0.519999981
1918,8,12.31999969
1918,12,-2.039999962
1918,2,-1.850000024
1918,1,-0.569999993
1918,7,11.17000008
1918,6,12.23999977
1918,3,-0.409999996
1918,5,2.49000001
1918,11,-0.850000024
1918,10,5.699999809
1918,9,8.899999619
1919,4,1.929999948
1919,8,11.72000027
1919,12,-2.130000114
1919,2,-2.549999952
1919,1,-1.470000029
1919,7,10.90999985
1919,6,7.099999905
1919,3,-1.899999976
1919,5,5.380000114
1919,11,0.029999999
1919,10,2.319999933
1919,9,6.96999979
1920,4,0.129999995
1920,8,13.80000019
1920,12,-2.319999933
1920,2,-1.580000043
1920,1,-0.230000004
1920,7,10.82999992
1920,6,7.179999828
1920,3,-2.809999943
1920,5,3.099999905
1920,11,-0.050000001
1920,10,1.570000052
1920,9,9.079999924
1921,4,-0.230000004
1921,8,9.159999847
1921,12,-0.74000001
1921,2,-1.730000019
1921,1,-2.700000048
1921,7,11.86999989
1921,6,8.369999886
1921,3,0.159999996
1921,5,2.890000105
1921,11,0.439999998
1921,10,5.119999886
1921,9,7.880000114
1922,4,-2.599999905
1922,8,8.449999809
1922,12,-1.529999971
1922,2,-4.510000229
1922,1,-5.949999809
1922,7,11.36999989
1922,6,8.300000191
1922,3,-4.460000038
1922,5,3.390000105
1922,11,-1.75999999
1922,10,3.029999971
1922,9,7.800000191
1923,4,-0.100000001
1923,8,9.010000229
1923,12,-3.099999905
1923,2,-3.279999971
1923,1,-3.75
1923,7,10.21000004
1923,6,4.889999866
1923,3,-1.519999981
1923,5,3.420000076
1923,11,2.160000086
1923,10,3.289999962
1923,9,8.119999886
1924,4,0.930000007
1924,8,7.489999771
1924,12,-3.769999981
1924,2,-0.029999999
1924,1,-4.800000191
1924,7,9.729999542
1924,6,5.869999886
1924,3,-2.779999971
1924,5,5.940000057
1924,11,-0.469999999
1924,10,1.970000029
1924,9,6.449999809
1925,4,0.699999988
1925,8,8.989999771
1925,12,-1.230000019
1925,2,-1.179999948
1925,1,-2.890000105
1925,7,11.17000008
1925,6,7.320000172
1925,3,-1.110000014
1925,5,4.429999828
1925,11,-0.159999996
1925,10,2.910000086
1925,9,5.130000114
1926,4,3.069999933
1926,8,7.889999866
1926,12,-3.50999999
1926,2,-2.329999924
1926,1,-4.300000191
1926,7,10.81000042
1926,6,8.640000343
1926,3,0.529999971
1926,5,3.390000105
1926,11,2.269999981
1926,10,3.599999905
1926,9,4.989999771
1927,4,-0.99000001
1927,8,7.949999809
1927,12,-3.230000019
1927,2,-1.590000033
1927,1,-2.589999914
1927,7,13.14000034
1927,6,7.510000229
1927,3,-1.590000033
1927,5,2.5
1927,11,1.75
1927,10,4.170000076
1927,9,5.449999809
1928,4,0
1928,8,12.02999973
1928,12,-4.710000038
1928,2,-2.700000048
1928,1,-3.00999999
1928,7,12.31999969
1928,6,6.409999847
1928,3,0.419999987
1928,5,6.110000134
1928,11,-0.230000004
1928,10,3.049999952
1928,9,7.309999943
1929,4,-2.299999952
1929,8,9.43999958
1929,12,0.109999999
1929,2,-5.980000019
1929,1,-4.510000229
1929,7,9.010000229
1929,6,5.869999886
1929,3,-2.710000038
1929,5,2.869999886
1929,11,0.879999995
1929,10,4.21999979
1929,9,5.340000153
1930,4,0.620000005
1930,8,10.07999992
1930,12,-4.46999979
1930,2,-1.879999995
1930,1,-5.320000172
1930,7,11.10999966
1930,6,10.09000015
1930,3,-1.470000029
1930,5,1.840000033
1930,11,-0.039999999
1930,10,5.179999828
1930,9,6.71999979
1931,4,1.720000029
1931,8,10.98999977
1931,12,-4.199999809
1931,2,-2.49000001
1931,1,-3.609999895
1931,7,15.14000034
1931,6,6.900000095
1931,3,-1.360000014
1931,5,6.559999943
1931,11,-0.769999981
1931,10,5.309999943
1931,9,5.360000134
1932,4,-0.910000026
1932,8,9.43999958
1932,12,-6.25
1932,2,-4.449999809
1932,1,-5.369999886
1932,7,9.43999958
1932,6,8.75
1932,3,-0.850000024
1932,5,3.640000105
1932,11,3.299999952
1932,10,4.269999981
1932,9,10.19999981
1933,4,-0.430000007
1933,8,10.68999958
1933,12,-1.929999948
1933,2,-5.929999828
1933,1,-4.75
1933,7,11.35999966
1933,6,6.849999905
1933,3,-1.690000057
1933,5,1.230000019
1933,11,2.099999905
1933,10,7.670000076
1933,9,5.550000191
1934,4,3.029999971
1934,8,14.01000023
1934,12,-1.029999971
1934,2,0.370000005
1934,1,-1.139999986
1934,7,12.98999977
1934,6,8.520000458
1934,3,2.630000114
1934,5,6.059999943
1934,11,1.100000024
1934,10,5.099999905
1934,9,9.630000114
1935,4,0.800000012
1935,8,14.39000034
1935,12,-2.559999943
1935,2,-1.340000033
1935,1,-2.720000029
1935,7,9.029999733
1935,6,7.78000021
1935,3,-4.690000057
1935,5,3.299999952
1935,11,-1.970000029
1935,10,3.069999933
1935,9,9.319999695
1936,4,1.289999962
1936,8,11.14999962
1936,12,-3.160000086
1936,2,-2.670000076
1936,1,-2.230000019
1936,7,12.02000046
1936,6,7.480000019
1936,3,-1.299999952
1936,5,4.920000076
1936,11,0.569999993
1936,10,4.409999847
1936,9,8.319999695
1937,4,-0.810000002
1937,8,8.800000191
1937,12,-0.839999974
1937,2,-3.75999999
1937,1,-9.829999924
1937,7,10.46000004
1937,6,7.789999962
1937,3,-1.779999971
1937,5,4.710000038
1937,11,0.970000029
1937,10,3.940000057
1937,9,8.579999924
1938,4,0.649999976
1938,8,12.69999981
1938,12,-0.660000026
1938,2,-2.039999962
1938,1,-1.679999948
1938,7,11.63000011
1938,6,8.770000458
1938,3,-2.220000029
1938,5,4.25
1938,11,-1.399999976
1938,10,4.449999809
1938,9,9.170000076
1939,4,2.789999962
1939,8,13.78999996
1939,12,0.680000007
1939,2,-5.46999979
1939,1,-2.25999999
1939,7,13.19999981
1939,6,6.71999979
1939,3,-0.730000019
1939,5,5.300000191
1939,11,1.370000005
1939,10,3.829999924
1939,9,9.359999657
1940,4,1.830000043
1940,8,11.57999992
1940,12,0.01
1940,2,-0.660000026
1940,1,-0.540000021
1940,7,11.03999996
1940,6,10.25
1940,3,0.469999999
1940,5,6.489999771
1940,11,0.280000001
1940,10,5.369999886
1940,9,7.78000021
1941,4,-0.01
1941,8,9.420000076
1941,12,-1.580000043
1941,2,-0.129999995
1941,1,-1.220000029
1941,7,12.59000015
1941,6,7.239999771
1941,3,-0.140000001
1941,5,5.650000095
1941,11,1.850000024
1941,10,3.5
1941,9,7
1942,4,0.519999981
1942,8,10
1942,12,-1.340000033
1942,2,-3.400000095
1942,1,-1.679999948
1942,7,12.43999958
1942,6,7.429999828
1942,3,-1.929999948
1942,5,2.089999914
1942,11,0.01
1942,10,5.860000134
1942,9,8.930000305
1943,4,2.25
1943,8,9.640000343
1943,12,-1.029999971
1943,2,-1.600000024
1943,1,-1.820000052
1943,7,10.77000046
1943,6,6.179999828
1943,3,-0.340000004
1943,5,5.670000076
1943,11,1.919999957
1943,10,4.75
1943,9,11.73999977
1944,4,-0.670000017
1944,8,10.35000038
1944,12,-0.310000002
1944,2,-3.130000114
1944,1,-2.150000095
1944,7,10.93999958
1944,6,6.849999905
1944,3,-1.210000038
1944,5,4.820000172
1944,11,0.050000001
1944,10,6.710000038
1944,9,11.5
1945,4,0.819999993
1945,8,12.30000019
1945,12,-1.879999995
1945,2,-1.720000029
1945,1,-2.039999962
1945,7,14.31999969
1945,6,8.949999809
1945,3,-3.180000067
1945,5,4.059999943
1945,11,-0.709999979
1945,10,6.269999981
1945,9,9.880000114
1946,4,1.639999986
1946,8,13.75
1946,12,-0.310000002
1946,2,-4.179999828
1946,1,-3.220000029
1946,7,13.06999969
1946,6,7.090000153
1946,3,-1.600000024
1946,5,4.949999809
1946,11,-0.779999971
1946,10,2.549999952
1946,9,8.550000191
1947,4,2.829999924
1947,8,7.559999943
1947,12,-2.079999924
1947,2,0.039999999
1947,1,-3.5
1947,7,10.93999958
1947,6,7.320000172
1947,3,0.930000007
1947,5,7.099999905
1947,11,-1.190000057
1947,10,4.380000114
1947,9,7.610000134
1948,4,-0.5
1948,8,11.31000042
1948,12,-5.099999905
1948,2,-4.349999905
1948,1,0.059999999
1948,7,10.39999962
1948,6,8.119999886
1948,3,-3.839999914
1948,5,2.180000067
1948,11,-0.059999999
1948,10,5.579999924
1948,9,9.920000076
1949,4,2.470000029
1949,8,11.11999989
1949,12,-3.069999933
1949,2,-5.809999943
1949,1,-8.720000267
1949,7,13.05000019
1949,6,9.800000191
1949,3,-2.119999886
1949,5,4.179999828
1949,11,4.820000172
1949,10,4.449999809
1949,9,9.479999542
1950,4,1.629999995
1950,8,13.80000019
1950,12,1.610000014
1950,2,-2.079999924
1950,1,-6.440000057
1950,7,14.40999985
1950,6,7.78000021
1950,3,-1.639999986
1950,5,4.550000191
1950,11,3.529999971
1950,10,5.710000038
1950,9,9.409999847
1951,4,2.660000086
1951,8,12.38000011
1951,12,-3.640000105
1951,2,-2.200000048
1951,1,-2.769999981
1951,7,12.48999977
1951,6,10.31999969
1951,3,-1.799999952
1951,5,4.880000114
1951,11,1.850000024
1951,10,4.650000095
1951,9,11.30000019
1952,4,1.450000048
1952,8,13.02000046
1952,12,-2.279999971
1952,2,-2.890000105
1952,1,-4.960000038
1952,7,14.22999954
1952,6,6
1952,3,-4.159999847
1952,5,5.449999809
1952,11,0.310000002
1952,10,8.229999542
1952,9,10.28999996
1953,4,0.029999999
1953,8,11.02000046
1953,12,-0.860000014
1953,2,-2.160000086
1953,1,-0.389999986
1953,7,13.5
1953,6,5.380000114
1953,3,-2
1953,5,1.070000052
1953,11,1.330000043
1953,10,5
1953,9,11.69999981
1954,4,3.140000105
1954,8,9.510000229
1954,12,-2.339999914
1954,2,-1.149999976
1954,1,-2.450000048
1954,7,12.93000031
1954,6,6.559999943
1954,3,-2.730000019
1954,5,5.659999847
1954,11,1.629999995
1954,10,2.680000067
1954,9,7.260000229
1955,4,-2.069999933
1955,8,14.02000046
1955,12,-1.110000014
1955,2,-4.570000172
1955,1,-5.179999828
1955,7,11.03999996
1955,6,8.050000191
1955,3,-2.819999933
1955,5,4.110000134
1955,11,0.07
1955,10,6.619999886
1955,9,10.14999962
1956,4,0.639999986
1956,8,11.68000031
1956,12,-2.910000086
1956,2,-4.869999886
1956,1,-2.029999971
1956,7,12.94999981
1956,6,8.699999809
1956,3,-2.230000019
1956,5,4.860000134
1956,11,0.810000002
1956,10,3.710000038
1956,9,10.27999973
1957,4,1.25
1957,8,11.01000023
1957,12,-0.629999995
1957,2,-0.400000006
1957,1,-5.889999866
1957,7,12.65999985
1957,6,10.32999992
1957,3,-0.769999981
1957,5,4.130000114
1957,11,-0.349999994
1957,10,3.710000038
1957,9,10.61999989
1958,4,0.01
1958,8,15.57999992
1958,12,0.889999986
1958,2,-0.140000001
1958,1,-1.389999986
1958,7,12.67000008
1958,6,7.869999886
1958,3,-2.960000038
1958,5,5.409999847
1958,11,1.870000005
1958,10,9.319999695
1958,9,10.75
1959,4,4.010000229
1959,8,12.22000027
1959,12,-1.179999948
1959,2,-2.640000105
1959,1,-1.00999999
1959,7,14.84000015
1959,6,9.979999542
1959,3,0.330000013
1959,5,2.960000038
1959,11,4.300000191
1959,10,7.579999924
1959,9,8.819999695
1960,4,0.920000017
1960,8,12.85000038
1960,12,-1.649999976
1960,2,-2.900000095
1960,1,-3.519999981
1960,7,15.47000027
1960,6,11.89000034
1960,3,0.469999999
1960,5,3.160000086
1960,11,0.079999998
1960,10,5.769999981
1960,9,11.03999996
1961,4,1.350000024
1961,8,13.93999958
1961,12,-2.099999905
1961,2,-0.769999981
1961,1,0.209999993
1961,7,12.15999985
1961,6,11.96000004
1961,3,-1.539999962
1961,5,2.670000076
1961,11,-0.079999998
1961,10,5.269999981
1961,9,8.140000343
1962,4,0.99000001
1962,8,11.97000027
1962,12,1.00999999
1962,2,-2.799999952
1962,1,-2.329999924
1962,7,13.5
1962,6,8.5
1962,3,-3.349999905
1962,5,3.410000086
1962,11,2.339999914
1962,10,5.789999962
1962,9,11
1963,4,-1.559999943
1963,8,11.18000031
1963,12,-0.119999997
1963,2,2.650000095
1963,1,-2.480000019
1963,7,10.78999996
1963,6,7.53000021
1963,3,-2.24000001
1963,5,5.53000021
1963,11,0.800000012
1963,10,5.380000114
1963,9,10.88000011
1964,4,0.029999999
1964,8,12.72999954
1964,12,-0.529999971
1964,2,-2.569999933
1964,1,-2.799999952
1964,7,12.75
1964,6,7.230000019
1964,3,-2.75999999
1964,5,2.640000105
1964,11,-1.320000052
1964,10,8.06000042
1964,9,8.680000305
1965,4,1.779999971
1965,8,11.67000008
1965,12,-3.549999952
1965,2,-1.75
1965,1,-1.639999986
1965,7,12.15999985
1965,6,7.400000095
1965,3,-0.649999976
1965,5,3.839999914
1965,11,1.029999971
1965,10,7.480000019
1965,9,7.230000019
1966,4,3.210000038
1966,8,13.61999989
1966,12,-1.120000005
1966,2,-4.739999771
1966,1,-3.869999886
1966,7,11.61999989
1966,6,9.170000076
1966,3,-1.129999995
1966,5,7.429999828
1966,11,1.840000033
1966,10,5.730000019
1966,9,8.630000114
1967,4,-3.930000067
1967,8,15.10999966
1967,12,-3.690000057
1967,2,-1.019999981
1967,1,-1.470000029
1967,7,13.60999966
1967,6,7.630000114
1967,3,-1.710000038
1967,5,3.730000019
1967,11,3.5
1967,10,5.349999905
1967,9,11.15999985
1968,4,1.389999986
1968,8,10.38000011
1968,12,-4.170000076
1968,2,0.819999993
1968,1,-2.720000029
1968,7,13.47000027
1968,6,9.529999733
1968,3,-0.479999989
1968,5,3.920000076
1968,11,1.360000014
1968,10,3.25999999
1968,9,9.279999733
1969,4,0.289999992
1969,8,12.06999969
1969,12,-0.100000001
1969,2,-4.03000021
1969,1,-2.359999895
1969,7,12.48999977
1969,6,8.270000458
1969,3,-1.960000038
1969,5,5.71999979
1969,11,3.089999914
1969,10,3.220000029
1969,9,10.82999992
1970,4,-1.120000005
1970,8,13.51000023
1970,12,-3.140000105
1970,2,-0.079999998
1970,1,-0.550000012
1970,7,14.30000019
1970,6,9.399999619
1970,3,-0.349999994
1970,5,5.889999866
1970,11,2.279999971
1970,10,4.840000153
1970,9,8.899999619
1971,4,-0.159999996
1971,8,13.97000027
1971,12,-5.260000229
1971,2,-2.160000086
1971,1,-2.029999971
1971,7,13.27999973
1971,6,7.440000057
1971,3,-2
1971,5,3.039999962
1971,11,-0.090000004
1971,10,2.880000114
1971,9,8.039999962
1972,4,0.25999999
1972,8,11.19999981
1972,12,-4.400000095
1972,2,-1.100000024
1972,1,-3.640000105
1972,7,11.93000031
1972,6,9.010000229
1972,3,1.559999943
1972,5,5.159999847
1972,11,0.01
1972,10,4.050000191
1972,9,7.409999847
1973,4,0.75
1973,8,11.27000046
1973,12,-0.970000029
1973,2,-1.129999995
1973,1,-3.710000038
1973,7,12.68000031
1973,6,10.28999996
1973,3,-3
1973,5,6.119999886
1973,11,-0.670000017
1973,10,3.809999943
1973,9,7.480000019
1974,4,-0.029999999
1974,8,11.47999954
1974,12,-1.409999967
1974,2,-2.950000048
1974,1,-2.609999895
1974,7,11.53999996
1974,6,9.770000458
1974,3,-0.119999997
1974,5,4.550000191
1974,11,2.109999895
1974,10,6.010000229
1974,9,10.39000034
1975,4,-2.970000029
1975,8,10.63000011
1975,12,0.469999999
1975,2,-2.140000105
1975,1,-2.190000057
1975,7,11.72999954
1975,6,8.840000153
1975,3,-2.140000105
1975,5,4.789999962
1975,11,0.02
1975,10,3.710000038
1975,9,11.52999973
1976,4,-0.600000024
1976,8,9.350000381
1976,12,0.430000007
1976,2,-1.570000052
1976,1,-0.670000017
1976,7,11.86999989
1976,6,7.380000114
1976,3,-2.50999999
1976,5,6.039999962
1976,11,4.639999866
1976,10,5.460000038
1976,9,9.130000114
1977,4,3.400000095
1977,8,12.47999954
1977,12,0.310000002
1977,2,0.129999995
1977,1,-2.140000105
1977,7,11.51000023
1977,6,11.64000034
1977,3,-3.269999981
1977,5,1.340000033
1977,11,1.070000052
1977,10,5.860000134
1977,9,8.260000229
1978,4,0.150000006
1978,8,11.52999973
1978,12,-3.890000105
1978,2,-1.179999948
1978,1,-0.560000002
1978,7,11.94999981
1978,6,8.119999886
1978,3,1.940000057
1978,5,4.630000114
1978,11,-0.75
1978,10,7.820000172
1978,9,7.579999924
1979,4,0.25999999
1979,8,10.77999973
1979,12,-0.409999996
1979,2,-3.059999943
1979,1,-3.99000001
1979,7,11.18000031
1979,6,7.389999866
1979,3,-0.170000002
1979,5,5.980000019
1979,11,0.170000002
1979,10,5.079999924
1979,9,9.960000038
1980,4,1.75999999
1980,8,10.77000046
1980,12,0.939999998
1980,2,0.079999998
1980,1,-0.529999971
1980,7,11.85999966
1980,6,6.440000057
1980,3,-2.420000076
1980,5,3.690000057
1980,11,2.549999952
1980,10,7.179999828
1980,9,9.329999924
1981,4,3.019999981
1981,8,12.98999977
1981,12,0.800000012
1981,2,-1.210000038
1981,1,0.090000004
1981,7,12.85999966
1981,6,10.98999977
1981,3,-0.959999979
1981,5,5.289999962
1981,11,2.779999971
1981,10,3.069999933
1981,9,9.359999657
1982,4,-0.50999999
1982,8,11.31999969
1982,12,-3.089999914
1982,2,-1.769999981
1982,1,-4.099999905
1982,7,11.23999977
1982,6,7.570000172
1982,3,-1.919999957
1982,5,5.96999979
1982,11,-0.74000001
1982,10,3.920000076
1982,9,7.260000229
1983,4,-1.889999986
1983,8,12.38000011
1983,12,-0.670000017
1983,2,-1.820000052
1983,1,-1.779999971
1983,7,9.529999733
1983,6,7.730000019
1983,3,-1.570000052
1983,5,3.779999971
1983,11,0.469999999
1983,10,6.420000076
1983,9,9.550000191
1984,4,0.090000004
1984,8,12.76000023
1984,12,-3.650000095
1984,2,-1.879999995
1984,1,-1.690000057
1984,7,14.05000019
1984,6,8.729999542
1984,3,0.540000021
1984,5,6.289999962
1984,11,-0.330000013
1984,10,3.170000076
1984,9,10.80000019
1985,4,3.789999962
1985,8,11.22999954
1985,12,-1.710000038
1985,2,-1.549999952
1985,1,-1.620000005
1985,7,14.64999962
1985,6,11.30000019
1985,3,-2.859999895
1985,5,4.679999828
1985,11,-1.309999943
1985,10,5.130000114
1985,9,7.070000172
1986,4,1.340000033
1986,8,14.31000042
1986,12,-0.360000014
1986,2,0.209999993
1986,1,1.480000019
1986,7,11.5
1986,6,10.34000015
1986,3,2.24000001
1986,5,4.71999979
1986,11,2.24000001
1986,10,5.130000114
1986,9,6.320000172
1987,4,4.340000153
1987,8,12.40999985
1987,12,-3.089999914
1987,2,-1.610000014
1987,1,-3.339999914
1987,7,10.40999985
1987,6,10.5
1987,3,-1
1987,5,6.75
1987,11,1.080000043
1987,10,8.710000038
1987,9,10.09000015
1988,4,2.720000029
1988,8,14.28999996
1988,12,-2.210000038
1988,2,0.379999995
1988,1,-1.919999957
1988,7,14.44999981
1988,6,8.880000114
1988,3,0.25999999
1988,5,3.769999981
1988,11,1.220000029
1988,10,9.289999962
1988,9,10.36999989
1989,4,2.869999886
1989,8,10.35999966
1989,12,0.469999999
1989,2,-3.700000048
1989,1,-3.849999905
1989,7,13.06000042
1989,6,9.770000458
1989,3,0.340000004
1989,5,4.710000038
1989,11,1.700000048
1989,10,5.429999828
1989,9,8.720000267
1990,4,4.349999905
1990,8,12.39000034
1990,12,-4.690000057
1990,2,-4.670000076
1990,1,-2.319999933
1990,7,13.98999977
1990,6,8.56000042
1990,3,0.140000001
1990,5,4.820000172
1990,11,1.080000043
1990,10,7
1990,9,9.800000191
1991,4,-0.129999995
1991,8,11.44999981
1991,12,-0.850000024
1991,2,2.140000105
1991,1,-1.190000057
1991,7,14.21000004
1991,6,7.150000095
1991,3,-2.890000105
1991,5,2.480000019
1991,11,1.820000052
1991,10,8.550000191
1991,9,12.72000027
1992,4,4.21999979
1992,8,13.65999985
1992,12,-3.119999886
1992,2,0.889999986
1992,1,-1.190000057
1992,7,11.01000023
1992,6,9.449999809
1992,3,0.829999983
1992,5,8.819999695
1992,11,1.110000014
1992,10,7.269999981
1992,9,10.32999992
1993,4,1.169999957
1993,8,11.80000019
1993,12,-1.970000029
1993,2,-2.5
1993,1,-3.839999914
1993,7,11.89999962
1993,6,8.090000153
1993,3,1.610000014
1993,5,5.170000076
1993,11,0.970000029
1993,10,5.900000095
1993,9,9.739999771
1994,4,2.25999999
1994,8,14.44999981
1994,12,-1.50999999
1994,2,-2.779999971
1994,1,-0.550000012
1994,7,14.69999981
1994,6,9.229999542
1994,3,1.120000005
1994,5,5.679999828
1994,11,-2.329999924
1994,10,4.809999943
1994,9,10.47999954
1995,4,0.5
1995,8,13.75
1995,12,0.050000001
1995,2,2.819999933
1995,1,-0.569999993
1995,7,11.78999996
1995,6,7.820000172
1995,3,-1.120000005
1995,5,4.059999943
1995,11,4.070000172
1995,10,6.230000019
1995,9,11.97000027
1996,4,2.059999943
1996,8,15.38000011
1996,12,0.699999988
1996,2,0.810000002
1996,1,-0.289999992
1996,7,15.13000011
1996,6,10.05000019
1996,3,-0.180000007
1996,5,5.420000076
1996,11,2.920000076
1996,10,5.860000134
1996,9,10.38000011
1997,4,2.029999971
1997,8,13.02000046
1997,12,-1.519999981
1997,2,-1.110000014
1997,1,-1.049999952
1997,7,12.86999989
1997,6,9.199999809
1997,3,1.320000052
1997,5,7.909999847
1997,11,2.619999886
1997,10,4.510000229
1997,9,10.39000034
1998,4,0.180000007
1998,8,14.98999977
1998,12,-2.630000114
1998,2,-2.289999962
1998,1,-0.769999981
1998,7,13.78999996
1998,6,8.039999962
1998,3,-0.479999989
1998,5,1.590000033
1998,11,0.310000002
1998,10,4.460000038
1998,9,11.10000038
1999,4,0.25
1999,8,12.31999969
1999,12,0.400000006
1999,2,-2.460000038
1999,1,-0.219999999
1999,7,12.10999966
1999,6,8.399999619
1999,3,-1.649999976
1999,5,4.869999886
1999,11,3.630000114
1999,10,9.279999733
1999,9,12.01000023
2000,4,3.24000001
2000,8,14.57999992
2000,12,1.769999981
2000,2,-0.409999996
2000,1,-0.5
2000,7,12.31999969
2000,6,12.02000046
2000,3,0.07
2000,5,6.380000114
2000,11,-0.319999993
2000,10,5.940000057
2000,9,9.979999542
2001,4,0.219999999
2001,8,14.92000008
2001,12,-1.539999962
2001,2,-2.539999962
2001,1,-1.139999986
2001,7,14
2001,6,11.05000019
2001,3,2.029999971
2001,5,10.18999958
2001,11,2.970000029
2001,10,8.770000458
2001,9,11.78999996
2002,4,3.079999924
2002,8,14.17000008
2002,12,-0.930000007
2002,2,0.360000014
2002,1,-2.680000067
2002,7,15.43000031
2002,6,11.43000031
2002,3,-1.220000029
2002,5,5.210000038
2002,11,3.720000029
2002,10,5.949999809
2002,9,11.60000038
2003,4,-0.689999998
2003,8,13.60999966
2003,12,-0.769999981
2003,2,-1.129999995
2003,1,2.319999933
2003,7,16.12999916
2003,6,11.94999981
2003,3,0.219999999
2003,5,6.03000021
2003,11,-0.150000006
2003,10,9.960000038
2003,9,13.64999962
2004,4,3.400000095
2004,8,14.25
2004,12,0
2004,2,-2.160000086
2004,1,-1.460000038
2004,7,14.64999962
2004,6,11.43999958
2004,3,4.079999924
2004,5,5.929999828
2004,11,0.50999999
2004,10,5.679999828
2004,9,10.65999985
2005,4,0.639999986
2005,8,15.10999966
2005,12,0.850000024
2005,2,0.610000014
2005,1,-0.569999993
2005,7,16.23999977
2005,6,7.610000134
2005,3,1.00999999
2005,5,5.579999924
2005,11,3.700000048
2005,10,6.260000229
2005,9,9.220000267
2006,4,1.610000014
2006,8,13.44999981
2006,12,-0.180000007
2006,2,-0.079999998
2006,1,-1.080000043
2006,7,16.32999992
2006,6,12.46000004
2006,3,-3.299999952
2006,5,7.519999981
2006,11,2.299999952
2006,10,6.230000019
2006,9,11.43999958
2007,4,2.700000048
2007,8,14.76000023
2007,12,-2.460000038
2007,2,0.02
2007,1,-2.099999905
2007,7,15.02000046
2007,6,10.89000034
2007,3,2.579999924
2007,5,7.559999943
2007,11,4.659999847
2007,10,5.199999809
2007,9,9.579999924
2008,4,1.049999952
2008,8,15.53999996
2008,12,-1.139999986
2008,2,-0.980000019
2008,1,-2.160000086
2008,7,15.60999966
2008,6,10.94999981
2008,3,0.25999999
2008,5,6.579999924
2008,11,4.960000038
2008,10,7.829999924
2008,9,12.59000015
2009,4,1.840000033
2009,8,14.55000019
2009,12,-1.470000029
2009,2,-0.75
2009,1,1.50999999
2009,7,15.93999958
2009,6,10.03999996
2009,3,-0.469999999
2009,5,9.090000153
2009,11,3.190000057
2009,10,5.46999979
2009,9,13.84000015
2010,4,0.039999999
2010,8,13.27999973
2010,12,0.200000003
2010,2,0.059999999
2010,1,0.550000012
2010,7,15.10000038
2010,6,10.01000023
2010,3,-0.349999994
2010,5,2.549999952
2010,11,1.370000005
2010,10,7.920000076
2010,9,11.68999958
2011,4,0.839999974
2011,8,14.77999973
2011,12,0.219999999
2011,2,-2.670000076
2011,1,0.819999993
2011,7,13.27000046
2011,6,8.760000229
2011,3,-0.930000007
2011,5,3.039999962
2011,11,1.669999957
2011,10,7.670000076
2011,9,13.93999958
2012,4,2.680000067
2012,8,16.36000061
2012,12,-1.100000024
2012,2,-0.5
2012,1,1.559999943
2012,7,14.18999958
2012,6,9.949999809
2012,3,-0.360000014
2012,5,7
2012,11,3.960000038
2012,10,7.940000057
2012,9,14.15999985
2013,4,4.489999771
2013,8,14.02000046
2013,12,0
2013,2,-0.970000029
2013,1,-1.399999976
2013,7,16.79999924
2013,6,11.59000015
2013,3,2.579999924
2013,5,7.349999905
2013,11,4.440000057
2013,10,6.440000057
2013,9,10.90999985
2014,4,3.829999924
2014,8,15.34000015
2014,12,1.24000001
2014,2,1.289999962
2014,1,4.059999943
2014,7,17.19000053
2014,6,12.09000015
2014,3,2.660000086
2014,5,7.800000191
2014,11,4.170000076
2014,10,9.170000076
2014,9,12.65999985
2015,4,3.289999962
2015,8,15.31999969
2015,12,-2.160000086
2015,2,4.489999771
2015,1,3.559999943
2015,7,14.89000034
2015,6,13.65999985
2015,3,4.570000172
2015,5,6.809999943
2015,11,0.850000024
2015,10,10.03999996
2015,9,12.93999958
2016,4,4.710000038
2016,8,15.75
2016,12,-0.639999986
2016,2,2.529999971
2016,1,-0.529999971
2016,7,14.53999996
2016,6,12.43000031
2016,3,1.840000033
2016,5,6.710000038
2016,11,3.569999933
2016,10,6.460000038
2016,9,11.68999958
2017,4,1.919999957
2017,8,17.28000069
2017,12,2.309999943
2017,2,0.150000006
2017,1,-1.870000005
2017,7,16.34000015
2017,6,12.10000038
2017,3,1.889999986
2017,5,7.590000153
2017,11,3.640000105
2017,10,8.010000229
2017,9,11.68999958
2018,4,3.390000105
2018,8,15.80000019
2018,12,-0.039999999
2018,2,-0.310000002
2018,1,2.49000001
2018,7,17.57999992
2018,6,11.52000046
2018,3,-0.620000005
2018,5,7.480000019
2018,11,4.889999866
2018,10,7.940000057
2018,9,12.31999969
2019,4,4.940000057
2019,8,15.68999958
2019,12,0.839999974
2019,2,-3.99000001
2019,1,0.730000019
2019,7,14.61999989
2019,6,11.81000042
2019,3,-0.230000004
2019,5,4.909999847
2019,11,5.349999905
2019,10,5.889999866
2019,9,10.56999969
2020,4,3.920000076
2020,8,17.04999924
2020,12,1.289999962
2020,2,1.629999995
2020,1,0.310000002
2020,7,15.51000023
2020,6,10.89000034
2020,3,-0.519999981
2020,5,7.559999943
2020,11,2.869999886
2020,10,11.81999969
2020,9,15.15999985
2021,4,4.340000153
2021,8,16.76000023
2021,12,0.050000001
2021,2,-0.150000006
2021,1,0.200000003
2021,7,18.42000008
2021,6,14.23999977
2021,3,-0.790000021
2021,5,8.109999657
2021,11,5.820000172
2021,10,5.739999771
2021,9,13.56999969
2022,4,2.039999962
2022,8,16.48999977
2022,2,0.629999995
2022,1,1.75
2022,7,15.22999954
2022,6,11.01000023
2022,3,1.860000014
2022,5,5.289999962
2022,9,14.64999962