year,month,ppt
1895,12,218.3399963
1895,11,54.27999878
1895,10,4.449999809
1896,4,496.769989
1896,8,15.52999973
1896,12,224.9799957
1896,2,29.11000061
1896,1,652.2800293
1896,7,4.269999981
1896,6,2.670000076
1896,3,326.7799988
1896,5,198.1499939
1896,11,475.2999878
1896,10,52.88999939
1896,9,41.81999969
1897,4,77.25
1897,8,0.029999999
1897,12,137.1100006
1897,2,480.3699951
1897,1,123.3700027
1897,7,0
1897,6,50.15999985
1897,3,353.3299866
1897,5,12.93000031
1897,11,140.5
1897,10,102.9800034
1897,9,16.02000046
1898,4,42.77999878
1898,8,0
1898,12,82.69000244
1898,2,290.769989
1898,1,69.58000183
1898,7,0
1898,6,53.81999969
1898,3,54.09000015
1898,5,96.20999908
1898,11,159.1300049
1898,10,66.48999786
1898,9,13.97000027
1899,4,46.59000015
1899,8,21.09000015
1899,12,354.6700134
1899,2,48.56999969
1899,1,314.8299866
1899,7,0
1899,6,27.54999924
1899,3,597.5800171
1899,5,103.2799988
1899,11,330.25
1899,10,357.25
1899,9,2.569999933
1900,4,164.3399963
1900,8,0
1900,12,166.1999969
1900,2,114.9300003
1900,1,217.3899994
1900,7,0.629999995
1900,6,14.17000008
1900,3,247.7799988
1900,5,70.54000092
1900,11,270.1000061
1900,10,255.6100006
1900,9,29.53000069
1901,4,176.8899994
1901,8,1.299999952
1901,12,192.4700012
1901,2,437.2999878
1901,1,365.230011
1901,7,0
1901,6,0
1901,3,97.59999847
1901,5,37.50999832
1901,11,169.4199982
1901,10,124.0899963
1901,9,116.0400009
1902,4,154.6499939
1902,8,0.140000001
1902,12,293.9500122
1902,2,580.7299805
1902,1,58.27999878
1902,7,0.610000014
1902,6,13.84000015
1902,3,210.9299927
1902,5,61.20999908
1902,11,232.3300018
1902,10,138.3800049
1902,9,0.059999999
1903,4,69.63999939
1903,8,3.339999914
1903,12,100.5699997
1903,2,117.4300003
1903,1,463.4599915
1903,7,0
1903,6,7.960000038
1903,3,430.2399902
1903,5,34.06999969
1903,11,614.289978
1903,10,70.54000092
1903,9,0.449999988
1904,4,187.6600037
1904,8,11.97000027
1904,12,201.1699982
1904,2,825.1799927
1904,1,119.1299973
1904,7,2.029999971
1904,6,0
1904,3,636.7800293
1904,5,27.22999954
1904,11,97.81999969
1904,10,253.4700012
1904,9,130.1100006
1905,4,102.1900024
1905,8,8.659999847
1905,12,103.7200012
1905,2,201.1699982
1905,1,186.8699951
1905,7,0
1905,6,8.100000381
1905,3,376.7000122
1905,5,116.3300018
1905,11,87.08000183
1905,10,3.299999952
1905,9,8.159999847
1906,4,98.05999756
1906,8,3.769999981
1906,12,495.6300049
1906,2,331.1900024
1906,1,637.9000244
1906,7,0.140000001
1906,6,109.6399994
1906,3,631.1799927
1906,5,292.9299927
1906,11,127.1399994
1906,10,10.72999954
1906,9,12.06000042
1907,4,70.16999817
1907,8,0
1907,12,409.9599915
1907,2,300.4500122
1907,1,354.1900024
1907,7,1.899999976
1907,6,124.6600037
1907,3,840.5599976
1907,5,57.50999832
1907,11,10.89000034
1907,10,35.75999832
1907,9,2.279999971
1908,4,44.36000061
1908,8,0
1908,12,131.3899994
1908,2,162.8000031
1908,1,200.0599976
1908,7,0.01
1908,6,30.40999985
1908,3,153.3300018
1908,5,157.9600067
1908,11,122
1908,10,120.6399994
1908,9,10.18999958
1909,4,15.27999973
1909,8,0
1909,12,363.1000061
1909,2,426.0799866
1909,1,1096.050049
1909,7,0
1909,6,20.78000069
1909,3,184.1199951
1909,5,37.38999939
1909,11,417.25
1909,10,142.3000031
1909,9,15.42000008
1910,4,71.52999878
1910,8,0
1910,12,174.3399963
1910,2,204.3500061
1910,1,273.2999878
1910,7,0.389999986
1910,6,6.409999847
1910,3,212.1999969
1910,5,18.03000069
1910,11,123.4000015
1910,10,57.72999954
1910,9,60.25999832
1911,4,159.4299927
1911,8,0
1911,12,93.76999664
1911,2,183.0399933
1911,1,888.6400146
1911,7,0.029999999
1911,6,19.07999992
1911,3,356.0299988
1911,5,62.88000107
1911,11,98.81999969
1911,10,42.5
1911,9,6.949999809
1912,4,193.8800049
1912,8,0
1912,12,117.0199966
1912,2,37.04999924
1912,1,221.0299988
1912,7,0.389999986
1912,6,33.38999939
1912,3,201.4799957
1912,5,156.2799988
1912,11,226.6300049
1912,10,87.34999847
1912,9,85.31999969
1913,4,119.5599976
1913,8,5.480000019
1913,12,465.4700012
1913,2,38.22000122
1913,1,307.6400146
1913,7,31.20999908
1913,6,32.13000107
1913,3,143.8500061
1913,5,94.26000214
1913,11,280.7799988
1913,10,0.029999999
1913,9,2.319999933
1914,4,136.0399933
1914,8,0
1914,12,179.3500061
1914,2,244.5099945
1914,1,575.9000244
1914,7,0.560000002
1914,6,68.68000031
1914,3,56.58000183
1914,5,70.72000122
1914,11,36.15999985
1914,10,108.3099976
1914,9,2.039999962
1915,4,84.16000366
1915,8,0
1915,12,309.0899963
1915,2,573.5300293
1915,1,332.9700012
1915,7,0.129999995
1915,6,0.039999999
1915,3,103.3000031
1915,5,383.3900146
1915,11,110.6600037
1915,10,7.119999886
1915,9,0.01
1916,4,31.28000069
1916,8,5.170000076
1916,12,398.1000061
1916,2,258.9899902
1916,1,781.0200195
1916,7,14.73999977
1916,6,1.870000005
1916,3,220.2400055
1916,5,57.06000137
1916,11,170.2299957
1916,10,95.04000092
1916,9,29.21999931
1917,4,155.7700043
1917,8,1.450000048
1917,12,97.08999634
1917,2,492.5799866
1917,1,127.8600006
1917,7,3.730000019
1917,6,0
1917,3,130.9100037
1917,5,44.25
1917,11,47.93999863
1917,10,0.029999999
1917,9,5.800000191
1918,4,86.18000031
1918,8,0
1918,12,76.79000092
1918,2,385.9299927
1918,1,57.06000137
1918,7,0.180000007
1918,6,3.269999981
1918,3,391.1499939
1918,5,15.68000031
1918,11,174.4199982
1918,10,81.25
1918,9,146.6399994
1919,4,49.52999878
1919,8,0
1919,12,245.7899933
1919,2,541.0599976
1919,1,127.0299988
1919,7,0.129999995
1919,6,0
1919,3,222.3999939
1919,5,13.31000042
1919,11,58.16999817
1919,10,44.54999924
1919,9,30.98999977
1920,4,257.75
1920,8,21.97999954
1920,12,388.1700134
1920,2,123.1999969
1920,1,46.86999893
1920,7,2.24000001
1920,6,34.63000107
1920,3,337.980011
1920,5,5.590000153
1920,11,462.2099915
1920,10,204.3399963
1920,9,21.40999985
1921,4,32.68000031
1921,8,0
1921,12,427.0100098
1921,2,137.8600006
1921,1,394.8500061
1921,7,0
1921,6,17.45999908
1921,3,210.25
1921,5,95.29000092
1921,11,80.29000092
1921,10,41.59999847
1921,9,4.78000021
1922,4,61.79000092
1922,8,0
1922,12,490.8200073
1922,2,581.3400269
1922,1,142.7599945
1922,7,2.519999981
1922,6,22.22999954
1922,3,318.3800049
1922,5,115.0999985
1922,11,218.8000031
1922,10,76.58000183
1922,9,0.050000001
1923,4,264.9899902
1923,8,7.070000172
1923,12,145.2400055
1923,2,92.56999969
1923,1,226.5599976
1923,7,0.910000026
1923,6,58.97000122
1923,3,26.96999931
1923,5,17.20999908
1923,11,35.16999817
1923,10,53.08000183
1923,9,88.27999878
1924,4,45.16999817
1924,8,0
1924,12,280.2999878
1924,2,156.5700073
1924,1,114.3399963
1924,7,0
1924,6,0
1924,3,139.2299957
1924,5,3.029999971
1924,11,118.3799973
1924,10,225.2799988
1924,9,5.550000191
1925,4,173.5800018
1925,8,17.04000092
1925,12,100.9899979
1925,2,489.1300049
1925,1,122.9000015
1925,7,2.279999971
1925,6,42.31000137
1925,3,143.8600006
1925,5,90.56999969
1925,11,140.5800018
1925,10,87.77999878
1925,9,34.06000137
1926,4,251.6499939
1926,8,2.109999895
1926,12,70.86000061
1926,2,373.8599854
1926,1,192.7400055
1926,7,0.209999993
1926,6,0.280000001
1926,3,16.68000031
1926,5,60.56000137
1926,11,513.3699951
1926,10,68.87999725
1926,9,1.929999948
1927,4,218.5700073
1927,8,0
1927,12,159.3099976
1927,2,574.4199829
1927,1,269.9299927
1927,7,0
1927,6,26.55999947
1927,3,170.0099945
1927,5,55.38999939
1927,11,304.980011
1927,10,95.79000092
1927,9,9.979999542
1928,4,134.6399994
1928,8,0
1928,12,175.5599976
1928,2,113.2399979
1928,1,119.1900024
1928,7,0.419999987
1928,6,8.739999771
1928,3,562.5100098
1928,5,11.18000031
1928,11,158.6499939
1928,10,16.73999977
1928,9,7.119999886
1929,4,152.7700043
1929,8,0
1929,12,524.1099854
1929,2,154.5299988
1929,1,98.79000092
1929,7,0
1929,6,134.1300049
1929,3,151.2299957
1929,5,6.309999943
1929,11,0
1929,10,6.769999981
1929,9,0
1930,4,130.9900055
1930,8,5.340000153
1930,12,27.09000015
1930,2,176.5
1930,1,285.1300049
1930,7,0
1930,6,0
1930,3,190.3099976
1930,5,64.66000366
1930,11,222.5200043
1930,10,11.14999962
1930,9,33.43999863
1931,4,59.5
1931,8,0
1931,12,464.9200134
1931,2,131.5099945
1931,1,218.5700073
1931,7,0
1931,6,59.15000153
1931,3,137.3399963
1931,5,71.72000122
1931,11,184.3699951
1931,10,154.9199982
1931,9,18.05999947
1932,4,171.2599945
1932,8,0
1932,12,141.7299957
1932,2,209.3699951
1932,1,252.6199951
1932,7,0
1932,6,26.5
1932,3,81.31999969
1932,5,133.2100067
1932,11,40.33000183
1932,10,11.10999966
1932,9,1.330000043
1933,4,52.86000061
1933,8,0
1933,12,329.5899963
1933,2,73.56999969
1933,1,332.6799927
1933,7,0
1933,6,4.599999905
1933,3,238.5200043
1933,5,171.1999969
1933,11,9.880000114
1933,10,171.2400055
1933,9,12.27000046
1934,4,42.33000183
1934,8,4.119999886
1934,12,153.25
1934,2,240.1999969
1934,1,127.9400024
1934,7,0
1934,6,59
1934,3,75.36000061
1934,5,54.43000031
1934,11,299.7900085
1934,10,78.68000031
1934,9,49.88999939
1935,4,379.1600037
1935,8,0.100000001
1935,12,133.9700012
1935,2,110.7300034
1935,1,305.7600098
1935,7,0.209999993
1935,6,0
1935,3,276.3900146
1935,5,29.09000015
1935,11,65.38999939
1935,10,102.1600037
1935,9,1.450000048
1936,4,134.8200073
1936,8,2.00999999
1936,12,194.0800018
1936,2,688.9099731
1936,1,538.9099731
1936,7,0.239999995
1936,6,92.41999817
1936,3,144.2899933
1936,5,45.18000031
1936,11,9.239999771
1936,10,13.57999992
1936,9,17.22999954
1937,4,133.5200043
1937,8,0
1937,12,381.1900024
1937,2,424.3900146
1937,1,286.0700073
1937,7,2.5
1937,6,57.09999847
1937,3,284.4700012
1937,5,19.26000023
1937,11,301.0400085
1937,10,81.87999725
1937,9,0
1938,4,122.2099991
1938,8,0
1938,12,85.87999725
1938,2,799.4699707
1938,1,186.9900055
1938,7,6.730000019
1938,6,13.07999992
1938,3,575.1799927
1938,5,41
1938,11,89.98000336
1938,10,116.1100006
1938,9,12.48999977
1939,4,11.89999962
1939,8,1.340000033
1939,12,103.3300018
1939,2,163.4600067
1939,1,186.7299957
1939,7,0
1939,6,3.700000048
1939,3,226.1199951
1939,5,119.4700012
1939,11,32.11999893
1939,10,113.2399979
1939,9,34.66999817
1940,4,80.26000214
1940,8,0
1940,12,503.1300049
1940,2,613.960022
1940,1,633.5800171
1940,7,0
1940,6,10.02000046
1940,3,440.1600037
1940,5,48.52000046
1940,11,179.7700043
1940,10,75.58000183
1940,9,31.37999916
1941,4,209.4900055
1941,8,1.940000057
1941,12,542.2199707
1941,2,361.5400085
1941,1,414.3399963
1941,7,7.659999847
1941,6,31.86000061
1941,3,172.9100037
1941,5,127.0800018
1941,11,158.5099945
1941,10,50.25999832
1941,9,10.02999973
1942,4,295.1600037
1942,8,0
1942,12,290.0700073
1942,2,364.4400024
1942,1,392.8599854
1942,7,0.01
1942,6,0.75
1942,3,92.25
1942,5,221.9100037
1942,11,403.0799866
1942,10,14.94999981
1942,9,2.829999924
1943,4,120.1900024
1943,8,0
1943,12,111.3099976
1943,2,136.3000031
1943,1,538.6099854
1943,7,0.910000026
1943,6,67.29000092
1943,3,365.730011
1943,5,27.54999924
1943,11,63
1943,10,67.12000275
1943,9,0
1944,4,131.6000061
1944,8,0
1944,12,218.7299957
1944,2,294.9899902
1944,1,223.4199982
1944,7,3.680000067
1944,6,42.81000137
1944,3,167.7100067
1944,5,48.50999832
1944,11,344.7600098
1944,10,80.88999939
1944,9,11.01000023
1945,4,50.95000076
1945,8,0
1945,12,531.5499878
1945,2,434.5
1945,1,46.02999878
1945,7,0.75999999
1945,6,52.72000122
1945,3,255.6499939
1945,5,108.2200012
1945,11,280.3699951
1945,10,194.3500061
1945,9,1.370000005
1946,4,17.27000046
1946,8,0
1946,12,150.1799927
1946,2,149.5
1946,1,98
1946,7,12.81999969
1946,6,0
1946,3,241.2100067
1946,5,42.68000031
1946,11,304.0299988
1946,10,51.38999939
1946,9,22.04999924
1947,4,55.70999908
1947,8,0
1947,12,37.91999817
1947,2,172.8999939
1947,1,77.33999634
1947,7,0
1947,6,95.66999817
1947,3,327.3800049
1947,5,19.69000053
1947,11,62.16999817
1947,10,269.8900146
1947,9,0.01
1948,4,425.4500122
1948,8,0.109999999
1948,12,246.1900024
1948,2,130.2899933
1948,1,246.7299957
1948,7,0
1948,6,11.88000011
1948,3,280.75
1948,5,122.1200027
1948,11,168.0700073
1948,10,12.40999985
1948,9,5
1949,4,13.56999969
1949,8,16.17000008
1949,12,117.7900009
1949,2,216.7899933
1949,1,106.2699966
1949,7,0.039999999
1949,6,0.479999989
1949,3,331.7099915
1949,5,77.97000122
1949,11,139.0899963
1949,10,12.97999954
1949,9,1.620000005
1950,4,151.2799988
1950,8,0.109999999
1950,12,474.9599915
1950,2,214.6300049
1950,1,582.8599854
1950,7,0.330000013
1950,6,18.23999977
1950,3,282.7799988
1950,5,95.66000366
1950,11,611.539978
1950,10,235.3200073
1950,9,17.70000076
1951,4,89.34999847
1951,8,0.680000007
1951,12,498.6900024
1951,2,190.4600067
1951,1,384.3200073
1951,7,0
1951,6,0
1951,3,179.0899963
1951,5,101.3799973
1951,11,272.6300049
1951,10,202.4700012
1951,9,0.039999999
1952,4,57.97999954
1952,8,1.399999976
1952,12,451.4899902
1952,2,320.0400085
1952,1,551.8699951
1952,7,19.75
1952,6,43.79000092
1952,3,338.8900146
1952,5,49.02000046
1952,11,131.5
1952,10,2.650000095
1952,9,20.44000053
1953,4,222.1399994
1953,8,3.839999914
1953,12,97.58999634
1953,2,15.11999989
1953,1,448.9400024
1953,7,0.039999999
1953,6,47.24000168
1953,3,254.8899994
1953,5,149.7299957
1953,11,209.1300049
1953,10,68.37999725
1953,9,3.599999905
1954,4,171.4100037
1954,8,8.029999733
1954,12,322.8399963
1954,2,244.8699951
1954,1,304.4200134
1954,7,0.01
1954,6,52.41999817
1954,3,314.6400146
1954,5,10.01000023
1954,11,180.8099976
1954,10,14.63000011
1954,9,9.819999695
1955,4,221.0099945
1955,8,0
1955,12,1082.420044
1955,2,127.9400024
1955,1,227.5
1955,7,4.699999809
1955,6,6.730000019
1955,3,85.45999908
1955,5,35.50999832
1955,11,200.1399994
1955,10,25.27000046
1955,9,20.79999924
1956,4,94.90000153
1956,8,0
1956,12,83.76000214
1956,2,235.5200043
1956,1,549.6300049
1956,7,5.119999886
1956,6,3.25
1956,3,40
1956,5,146.7700043
1956,11,8.010000229
1956,10,214.5700073
1956,9,17.22999954
1957,4,124.5
1957,8,0
1957,12,287.8800049
1957,2,372
1957,1,188.7100067
1957,7,0
1957,6,3.640000105
1957,3,267.4700012
1957,5,266.6300049
1957,11,122.3600006
1957,10,137.1600037
1957,9,40.36000061
1958,4,265.6900024
1958,8,4.329999924
1958,12,77.30999756
1958,2,525.4899902
1958,1,300.9200134
1958,7,4.170000076
1958,6,53.54000092
1958,3,461.0499878
1958,5,48.5
1958,11,81.36000061
1958,10,18.55999947
1958,9,24.62000084
1959,4,69.91000366
1959,8,5.940000057
1959,12,101.0199966
1959,2,335.7900085
1959,1,380.4200134
1959,7,0
1959,6,0.01
1959,3,90
1959,5,56.93000031
1959,11,0
1959,10,0.670000017
1959,9,103.4599991
1960,4,97.90000153
1960,8,0.02
1960,12,118.7200012
1960,2,428.769989
1960,1,366.5100098
1960,7,2.190000057
1960,6,0
1960,3,316.0499878
1960,5,78.34999847
1960,11,274.8299866
1960,10,22.29999924
1960,9,2.160000086
1961,4,100.5699997
1961,8,16.95000076
1961,12,175.7200012
1961,2,182.9299927
1961,1,72.16000366
1961,7,0.899999976
1961,6,21.53000069
1961,3,260.7200012
1961,5,95.66999817
1961,11,134.8000031
1961,10,72.37999725
1961,9,13.97999954
1962,4,63.45999908
1962,8,7.980000019
1962,12,210.1199951
1962,2,611.039978
1962,1,141.9299927
1962,7,3.519999981
1962,6,1.669999957
1962,3,270.6900024
1962,5,34.88999939
1962,11,97.02999878
1962,10,575.5100098
1962,9,6.139999866
1963,4,401.2600098
1963,8,1.25999999
1963,12,42.02999878
1963,2,318.8699951
1963,1,196.1699982
1963,7,0
1963,6,35.16999817
1963,3,269.8399963
1963,5,106.1299973
1963,11,417.6900024
1963,10,99.12999725
1963,9,26.45000076
1964,4,62.59000015
1964,8,1.299999952
1964,12,1041.390015
1964,2,19.06999969
1964,1,325.3399963
1964,7,0
1964,6,57.43999863
1964,3,157.0700073
1964,5,129.4499969
1964,11,323.3200073
1964,10,46.16999817
1964,9,8.909999847
1965,4,237.9799957
1965,8,63.04999924
1965,12,222.4900055
1965,2,61.52000046
1965,1,387
1965,7,2.559999943
1965,6,35.90999985
1965,3,113.4800034
1965,5,16.18000031
1965,11,331.1499939
1965,10,23.36000061
1965,9,13.53999996
1966,4,91.52999878
1966,8,0
1966,12,316.9299927
1966,2,138.3800049
1966,1,183.6999969
1966,7,0.720000029
1966,6,2.089999914
1966,3,100.6900024
1966,5,24.10000038
1966,11,431.8599854
1966,10,0
1966,9,2.390000105
1967,4,303.2399902
1967,8,5.190000057
1967,12,239.0700073
1967,2,44.38999939
1967,1,513.5499878
1967,7,0
1967,6,87.27999878
1967,3,372.0299988
1967,5,60.84999847
1967,11,129.9199982
1967,10,72.5
1967,9,19.90999985
1968,4,15.5
1968,8,60.72000122
1968,12,356.9100037
1968,2,275.6600037
1968,1,308.2900085
1968,7,0.029999999
1968,6,18.82999992
1968,3,168.9400024
1968,5,34.43000031
1968,11,233
1968,10,133.5
1968,9,2.349999905
1969,4,137.6199951
1969,8,0
1969,12,497.8800049
1969,2,425.1700134
1969,1,846.4299927
1969,7,1.049999952
1969,6,26.10000038
1969,3,89.76000214
1969,5,5.760000229
1969,11,94.20999908
1969,10,141.3800049
1969,9,1.75
1970,4,77.43000031
1970,8,0
1970,12,509.7200012
1970,2,114.2699966
1970,1,846.5
1970,7,0
1970,6,40.43999863
1970,3,143.6199951
1970,5,16.80999947
1970,11,452.4100037
1970,10,90.08999634
1970,9,2.50999999
1971,4,94.81999969
1971,8,4.25
1971,12,349.2099915
1971,2,41.61999893
1971,1,202.3500061
1971,7,1.460000038
1971,6,57.75
1971,3,299.230011
1971,5,73.09999847
1971,11,178.8099976
1971,10,34.47000122
1971,9,24.62999916
1972,4,177.8300018
1972,8,2.289999962
1972,12,246.5700073
1972,2,225.4400024
1972,1,151.6199951
1972,7,0
1972,6,21.46999931
1972,3,106.5500031
1972,5,28.30999947
1972,11,295.3299866
1972,10,122.5500031
1972,9,72.27999878
1973,4,42.00999832
1973,8,13.34000015
1973,12,369.5899963
1973,2,314.7999878
1973,1,509.9500122
1973,7,2.130000114
1973,6,6.860000134
1973,3,181.6999969
1973,5,24.51000023
1973,11,685.0700073
1973,10,133.7400055
1973,9,56.86999893
1974,4,167.0899963
1974,8,3.789999962
1974,12,132.8800049
1974,2,164.1799927
1974,1,345.1799927
1974,7,121.75
1974,6,9.090000153
1974,3,508.3599854
1974,5,4.869999886
1974,11,100.6100006
1974,10,78.41000366
1974,9,0
1975,4,194.0700073
1975,8,54.20999908
1975,12,64.44000244
1975,2,490.9500122
1975,1,148.8999939
1975,7,3.819999933
1975,6,19.98999977
1975,3,406.730011
1975,5,36.95999908
1975,11,104.8399963
1975,10,250.3099976
1975,9,5.059999943
1976,4,70
1976,8,83.95999908
1976,12,8.079999924
1976,2,148.4299927
1976,1,31.30999947
1976,7,0.74000001
1976,6,13.26000023
1976,3,101.0199966
1976,5,4.110000134
1976,11,62.52000046
1976,10,19.06999969
1976,9,36.84999847
1977,4,13.22000027
1977,8,5.929999828
1977,12,456.0299988
1977,2,104.2699966
1977,1,118.5699997
1977,7,2.059999943
1977,6,4.96999979
1977,3,93.66000366
1977,5,139.5700073
1977,11,171.4100037
1977,10,13.23999977
1977,9,38.36999893
1978,4,311.0799866
1978,8,9.119999886
1978,12,85.58999634
1978,2,263.2399902
1978,1,584.5200195
1978,7,0.699999988
1978,6,9.760000229
1978,3,326.6499939
1978,5,45.36999893
1978,11,141.7100067
1978,10,0
1978,9,117.9100037
1979,4,132.1199951
1979,8,10.60000038
1979,12,268.2900085
1979,2,375.6099854
1979,1,316.0599976
1979,7,10.10000038
1979,6,2.75
1979,3,233.25
1979,5,98.76999664
1979,11,182.8800049
1979,10,190.8099976
1979,9,2.190000057
1980,4,112.6299973
1980,8,1.470000029
1980,12,141.2400055
1980,2,504.269989
1980,1,640.5599976
1980,7,22.86000061
1980,6,23.42000008
1980,3,163.5399933
1980,5,94.15000153
1980,11,56.91999817
1980,10,40.84999847
1980,9,1.75
1981,4,53.66999817
1981,8,0
1981,12,578.8099976
1981,2,135.9900055
1981,1,343.0100098
1981,7,0
1981,6,1.75
1981,3,248.9900055
1981,5,81.73000336
1981,11,594.9099731
1981,10,220.0899963
1981,9,32.68999863
1982,4,399.5799866
1982,8,2.519999981
1982,12,345.269989
1982,2,288.1000061
1982,1,325.1499939
1982,7,7.289999962
1982,6,32.84000015
1982,3,453.4299927
1982,5,9.279999733
1982,11,358.4299927
1982,10,260.1199951
1982,9,121.4700012
1983,4,239.0099945
1983,8,12.10000038
1983,12,617.4099731
1983,2,492.6000061
1983,1,315.9700012
1983,7,12.21000004
1983,6,26.98999977
1983,3,594.460022
1983,5,52.70999908
1983,11,650.7199707
1983,10,130.1999969
1983,9,65.90000153
1984,4,128.8000031
1984,8,10.22999954
1984,12,93.36000061
1984,2,242.9600067
1984,1,18.18000031
1984,7,5.46999979
1984,6,52.5
1984,3,163.3300018
1984,5,50.47999954
1984,11,415.3200073
1984,10,135.6199951
1984,9,7.170000076
1985,4,32.22999954
1985,8,7.039999962
1985,12,186.1199951
1985,2,171.6300049
1985,1,42.81000137
1985,7,2.680000067
1985,6,11.98999977
1985,3,284.6600037
1985,5,4.559999943
1985,11,299.1900024
1985,10,59.43999863
1985,9,69.66999817
1986,4,57.79000092
1986,8,0
1986,12,47.16999817
1986,2,954.6699829
1986,1,267.0799866
1986,7,1.669999957
1986,6,0.330000013
1986,3,373.2799988
1986,5,55.99000168
1986,11,28.22999954
1986,10,22.93000031
1986,9,181.8300018
1987,4,15.86999989
1987,8,0.01
1987,12,417.730011
1987,2,223.7899933
1987,1,195
1987,7,5.539999962
1987,6,6.599999905
1987,3,233.25
1987,5,63.75
1987,11,103.3300018
1987,10,50.77999878
1987,9,0.119999997
1988,4,136.2700043
1988,8,0
1988,12,203.9499969
1988,2,13.15999985
1988,1,271.6300049
1988,7,5.010000229
1988,6,34.68999863
1988,3,54.34999847
1988,5,75.16000366
1988,11,466.4899902
1988,10,1.669999957
1988,9,5.550000191
1989,4,99.70999908
1989,8,31.95999908
1989,12,0.050000001
1989,2,157.4400024
1989,1,116.9000015
1989,7,0
1989,6,19.42000008
1989,3,614.1799927
1989,5,34.43000031
1989,11,139.9499969
1989,10,216.8899994
1989,9,94.58000183
1990,4,72.05000305
1990,8,4.239999771
1990,12,59.90000153
1990,2,190.6499939
1990,1,255.9100037
1990,7,5.659999847
1990,6,8.119999886
1990,3,125.1900024
1990,5,217.5500031
1990,11,62.5
1990,10,20.45000076
1990,9,21.73999977
1991,4,78.77999878
1991,8,16.81999969
1991,12,124.4599991
1991,2,90.34999847
1991,1,29.98999977
1991,7,2.970000029
1991,6,54
1991,3,679.5200195
1991,5,119.0899963
1991,11,108.3000031
1991,10,139.4900055
1991,9,4.039999962
1992,4,68.13999939
1992,8,1.340000033
1992,12,438.6099854
1992,2,390.2200012
1992,1,71.73000336
1992,7,4.829999924
1992,6,77.16999817
1992,3,148.4799957
1992,5,4.949999809
1992,11,42.31000137
1992,10,182.7899933
1992,9,0.810000002
1993,4,114.4400024
1993,8,12.84000015
1993,12,213.3399963
1993,2,372.5400085
1993,1,555.5300293
1993,7,0
1993,6,91.94000244
1993,3,234.3699951
1993,5,92.26999664
1993,11,112.7300034
1993,10,75.77999878
1993,9,1.710000038
1994,4,102.4400024
1994,8,0
1994,12,334.2999878
1994,2,286.4100037
1994,1,91.5
1994,7,0
1994,6,6.239999771
1994,3,44.11000061
1994,5,61.97000122
1994,11,364.2799988
1994,10,27.14999962
1994,9,27.32999992
1995,4,276.4599915
1995,8,0.01
1995,12,434.6700134
1995,2,66.02999878
1995,1,831.4099731
1995,7,3.329999924
1995,6,75.69000244
1995,3,778.5200195
1995,5,177.0299988
1995,11,32.68999863
1995,10,0
1995,9,0
1996,4,210.8699951
1996,8,1.220000029
1996,12,980.1799927
1996,2,464.769989
1996,1,457.5899963
1996,7,5.150000095
1996,6,11.94999981
1996,3,220.5899963
1996,5,284.519989
1996,11,280.5400085
1996,10,66.56999969
1996,9,30.30999947
1997,4,75.98999786
1997,8,15.90999985
1997,12,134.6600037
1997,2,45.59000015
1997,1,794.0900269
1997,7,3.920000076
1997,6,61.66999817
1997,3,75.80999756
1997,5,34.45999908
1997,11,239.8200073
1997,10,106.6500015
1997,9,15.43999958
1998,4,202.0500031
1998,8,0.839999974
1998,12,183.9600067
1998,2,603.0700073
1998,1,566.4799805
1998,7,0.660000026
1998,6,34.88000107
1998,3,208.1699982
1998,5,212.5
1998,11,364.1900024
1998,10,43.52999878
1998,9,54.56999969
1999,4,115.7200012
1999,8,10.18999958
1999,12,72.58000183
1999,2,525.6199951
1999,1,366.25
1999,7,3.079999924
1999,6,12.31999969
1999,3,153.5599976
1999,5,56.13999939
1999,11,156.0500031
1999,10,80.11000061
1999,9,2.299999952
2000,4,92.55000305
2000,8,0
2000,12,100.2799988
2000,2,607.1400146
2000,1,467.3699951
2000,7,0
2000,6,19.77000046
2000,3,130.6799927
2000,5,104.5800018
2000,11,47.29999924
2000,10,157.0599976
2000,9,44.63000107
2001,4,151.1100006
2001,8,0
2001,12,513.25
2001,2,258.1600037
2001,1,154.9100037
2001,7,0.439999998
2001,6,8.409999847
2001,3,112.2799988
2001,5,8.229999542
2001,11,289.9500122
2001,10,48.5
2001,9,17.44000053
2002,4,86.48999786
2002,8,0
2002,12,582.1400146
2002,2,141.9400024
2002,1,180.0899963
2002,7,0.01
2002,6,0
2002,3,260.019989
2002,5,63.22000122
2002,11,246.9799957
2002,10,0
2002,9,0.560000002
2003,4,364.7399902
2003,8,36.47000122
2003,12,524.9400024
2003,2,102.3700027
2003,1,175.5099945
2003,7,0.810000002
2003,6,0.02
2003,3,205.6100006
2003,5,78.83000183
2003,11,138.9900055
2003,10,5.289999962
2003,9,4.800000191
2004,4,53.49000168
2004,8,0
2004,12,297.0499878
2004,2,370.3999939
2004,1,182.5200043
2004,7,0.439999998
2004,6,2.079999924
2004,3,51.50999832
2004,5,30.31999969
2004,11,107.1999969
2004,10,214.3099976
2004,9,9.760000229
2005,4,132.9600067
2005,8,0.189999998
2005,12,825.0999756
2005,2,148.1100006
2005,1,298.9299927
2005,7,0
2005,6,90.34999847
2005,3,362.0100098
2005,5,280.519989
2005,11,162.0399933
2005,10,51.91999817
2005,9,13.89999962
2006,4,459.4700012
2006,8,0.050000001
2006,12,248.0500031
2006,2,233.9600067
2006,1,370.519989
2006,7,0.330000013
2006,6,2.430000067
2006,3,469.7099915
2006,5,50.04999924
2006,11,188.7799988
2006,10,18.07999992
2006,9,0.639999986
2007,4,124.9000015
2007,8,1.379999995
2007,12,277.3200073
2007,2,439.0799866
2007,1,69.52999878
2007,7,0.469999999
2007,6,22.12000084
2007,3,46.88999939
2007,5,50.49000168
2007,11,52.29999924
2007,10,133.1600037
2007,9,37.40000153
2008,4,21.67000008
2008,8,0
2008,12,230.6100006
2008,2,247.9299927
2008,1,367.6600037
2008,7,0.029999999
2008,6,0
2008,3,70.83000183
2008,5,33.88000107
2008,11,182.8899994
2008,10,60.29000092
2008,9,0
2009,4,66.29000092
2009,8,2.640000105
2009,12,247.25
2009,2,374.3200073
2009,1,125.9199982
2009,7,0.449999988
2009,6,18.77000046
2009,3,254.0599976
2009,5,197.5
2009,11,65.27999878
2009,10,125.1800003
2009,9,2.450000048
2010,4,268.5700073
2010,8,2.430000067
2010,12,579.0300293
2010,2,197.3000031
2010,1,324.6799927
2010,7,0.180000007
2010,6,11.86999989
2010,3,200.5299988
2010,5,152.6399994
2010,11,294.4500122
2010,10,268.769989
2010,9,1.970000029
2011,4,123.1100006
2011,8,0
2011,12,7.400000095
2011,2,259.7200012
2011,1,76.94999695
2011,7,0
2011,6,108.4000015
2011,3,614.0900269
2011,5,122.5899963
2011,11,86.08999634
2011,10,134.1199951
2011,9,8.970000267
2012,4,264.7399902
2012,8,1.289999962
2012,12,590.1799927
2012,2,74.40000153
2012,1,237.6199951
2012,7,6.53000021
2012,6,44.93000031
2012,3,543.3599854
2012,5,18.75
2012,11,353.6199951
2012,10,112.2799988
2012,9,0.649999976
2013,4,56.20999908
2013,8,1.049999952
2013,12,45.79999924
2013,2,27.56999969
2013,1,43.5
2013,7,0.050000001
2013,6,72.54000092
2013,3,128.2200012
2013,5,45.45000076
2013,11,52.70000076
2013,10,27.19000053
2013,9,61.61999893
2014,4,116.25
2014,8,15.69999981
2014,12,434.2399902
2014,2,407.4400024
2014,1,57.33000183
2014,7,4.46999979
2014,6,0.01
2014,3,292.9599915
2014,5,33.15999985
2014,11,172.3800049
2014,10,64.51000214
2014,9,38.47000122
2015,4,102.3700027
2015,8,2.00999999
2015,12,394.2000122
2015,2,211.5
2015,1,2.359999895
2015,7,8.880000114
2015,6,18.47999954
2015,3,35.45000076
2015,5,38.22000122
2015,11,143.1399994
2015,10,46.34999847
2015,9,3.369999886
2016,4,96.19999695
2016,8,0.25999999
2016,12,381.4700012
2016,2,70.05999756
2016,1,485.3800049
2016,7,0
2016,6,6.329999924
2016,3,518.0800171
2016,5,74.80000305
2016,11,195.6399994
2016,10,409.1900024
2016,9,1.389999986
2017,4,310.269989
2017,8,1.629999995
2017,12,26.93000031
2017,2,745.6900024
2017,1,846.1799927
2017,7,0.01
2017,6,22.45999908
2017,3,213.6699982
2017,5,16.84000015
2017,11,442.769989
2017,10,24.11000061
2017,9,20.06999969
2018,4,179.1399994
2018,8,0
2018,12,129.8099976
2018,2,42.61999893
2018,1,269.2399902
2018,7,0.400000006
2018,6,2.160000086
2018,3,514.5700073
2018,5,39.97000122
2018,11,248.5899963
2018,10,30.20999908
2018,9,0
2019,4,101.8799973
2019,8,0.01
2019,12,340.8099976
2019,2,694.460022
2019,1,422.9100037
2019,7,0
2019,6,21.97999954
2019,3,271.0499878
2019,5,196.7899933
2019,11,61.31000137
2019,10,4.599999905
2019,9,83.43000031
2020,4,128.0200043
2020,8,0.610000014
2020,12,128.3999939
2020,2,0.970000029
2020,1,149.3600006
2020,7,0.140000001
2020,6,5.150000095
2020,3,240.7599945
2020,5,120.3000031
2020,11,135.0099945
2020,10,0
2020,9,0
2021,4,15.47999954
2021,8,0
2021,12,515.7700195
2021,2,130.8000031
2021,1,213.1100006
2021,7,1.090000033
2021,6,1.299999952
2021,3,134.4199982
2021,5,8.109999657
2021,11,83.12999725
2021,10,414.1499939
2021,9,30.90999985
2022,4,220.6900024
2022,8,2.390000105
2022,2,18.15999985
2022,1,40.38999939
2022,7,0.02
2022,6,49.33000183
2022,3,45.15999985
2022,5,20.10000038
2022,9,46.06999969