X3MSO_5.2,OH.Alkenyl_6,X4MSO_7.1,Allyl_7.4,X5MSO_10.2,Butenyl_12.1,X3MT_13.6,MSOO_13.8,OH.I3M_15.1,X4MT._15.5,Flavonol_16.1,I3M_16.7,Flavonol_17.5,Flavonol_18.5,Indole_18.8,Population,treatment,mf,rep,ID
NA,NA,-0.454754175,-0.698199759,NA,2.33675655,NA,-0.3435621413,NA,-0.29625063,-0.29020644,-0.144567999,0.152559752,0.16829824,0.125723049,BH,C,5,1,BH_C_5
-0.63821732,NA,NA,0.554150893,NA,-0.80533039,-0.01864392,NA,-0.51067975,NA,0.61072121,-0.050333235,NA,0.11535606,0.095398721,BH,CW,5,1,BH_CW_5
NA,NA,-0.499439445,-0.727807937,NA,1.10032064,NA,0.236332643,NA,-0.6417794,0.91494945,-0.609020663,NA,-0.85882504,-0.759206502,BH,C,7,1,BH_C_7
NA,0.317690045,0.387814594,NA,NA,-0.72659161,NA,NA,NA,NA,-0.76582428,0.644650087,NA,-0.15527694,-0.282707787,BH,CW,7,1,BH_CW_7
-0.93062293,NA,NA,0.143246414,NA,-1.03831989,-0.14120782,-0.849111214,NA,NA,-0.5518996,-0.702847361,NA,-0.52473684,-0.669400501,BH,C,9,1,BH_C_9
-0.41712828,NA,NA,0.748561986,NA,-1.05797502,0.71603819,-0.0402349947,-0.57554629,-0.42892517,-0.57624574,-0.007218006,NA,-0.0328052,-0.541204354,BH,CW,9,1,BH_CW_9
NA,NA,NA,-0.611669417,NA,-0.15262698,NA,NA,NA,NA,0.08296019,NA,-0.20712841,3.53197886,-0.77766916,BH,C,17,1,BH_C_17
-0.43841282,NA,-0.471533116,-0.611039052,NA,-0.63149506,-0.61432745,NA,NA,-0.39839942,-0.85660402,-0.683781134,NA,-0.2876485,0.359705386,BH,CW,17,1,BH_CW_17
-0.62670448,NA,-0.711844933,-0.546375874,NA,-0.51432062,0.05624005,NA,NA,-0.23242343,0.10044201,1.446354733,NA,0.01636842,-0.642585538,CALO,C,1,1,CALO_C_1
NA,-0.788678133,3.740554315,NA,0.31059776,0.46527409,NA,NA,NA,NA,0.19660851,-0.260562973,1.39638274,3.90795214,1.01643283,CALO,C,1,2,CALO_C_1
-0.40472604,NA,-0.919133163,-0.587105979,NA,-0.61558909,-0.70780788,NA,-0.57998889,NA,0.18478098,0.409686924,NA,0.27157664,0.722531307,CALO,CW,1,1,CALO_CW_1
-0.96088704,NA,NA,-0.230420106,NA,-0.12517052,NA,-0.0176610556,NA,NA,0.07372216,-0.230351498,NA,1.66471645,1.689263303,CALO,CW,1,2,CALO_CW_1
-0.50717019,NA,-0.814941575,-0.509061762,NA,-0.1631755,0.19853721,NA,NA,NA,-0.36403937,-0.591233632,0.200854801,1.19860848,-0.80188849,CALO,C,2,1,CALO_C_2
-0.60946673,NA,-0.519588616,-0.668098777,NA,-0.80999583,-0.99603535,NA,NA,NA,-0.23050252,0.431452957,NA,-0.28949026,0.201327524,CALO,CW,2,1,CALO_CW_2
-0.76556816,NA,-0.362440074,-0.660181381,NA,-0.67371335,0.36083389,-0.8976747345,NA,0.50793273,0.19478052,-0.572050579,NA,-1.01687986,NA,CALO,C,3,1,CALO_C_3
-0.68024441,NA,-0.711781784,-0.433494897,NA,-0.47256344,0.1435292,NA,NA,-0.73438629,-0.12077591,0.03618034,NA,-1.08845849,-0.789987696,CALO,C,3,2,CALO_C_3
-0.66582805,NA,-0.4230979,-0.609839452,NA,-0.75576049,-0.85717861,NA,NA,-0.75517461,-0.38455476,0.358881851,NA,-0.86807102,-0.812091394,CALO,CW,3,1,CALO_CW_3
-0.72242468,NA,-0.857788112,-0.549219091,NA,-0.52432381,-0.13777392,NA,NA,NA,0.11712397,-0.443179744,NA,-0.43434792,0.314830362,CALO,CW,3,2,CALO_CW_3
-0.78406127,NA,NA,-0.529296918,NA,-0.73827307,0.06731179,NA,NA,NA,0.04105465,0.848338979,NA,-0.39925388,-0.75469338,CALO,C,4,1,CALO_C_4
-0.31918334,NA,0.893816403,-0.62688606,NA,-0.33043252,-0.06521402,NA,-0.52717632,0.05987736,0.26446972,4.227631133,NA,1.2092031,-0.827283216,CALO,CW,4,1,CALO_CW_4
-0.52980953,NA,-0.034505845,-0.54420589,NA,-0.41831491,0.85462563,-0.7615881686,NA,-0.21209947,0.39915508,0.527018393,NA,-0.9914749,NA,CALO,C,14,1,CALO_C_14
NA,NA,-0.612763465,-0.681555361,NA,-0.53468568,-0.91493748,-0.7950186157,NA,-0.3443558,0.78453624,0.394784609,NA,-0.55578184,-0.701143804,CALO,C,14,2,CALO_C_14
-0.75847795,NA,-0.721904555,-0.589659938,NA,-0.50399041,0.23154228,NA,NA,-0.42584894,0.36933745,0.122079371,NA,-0.9183794,-0.808215611,CALO,CW,14,1,CALO_CW_14
NA,NA,-0.141192365,-0.66480871,NA,-0.46782009,-0.53057922,-0.7400321859,NA,0.52569731,-0.13978164,-0.064869183,NA,-0.71829628,-0.791856384,CALO,CW,14,2,CALO_CW_14
-0.86010434,NA,-0.690353985,-0.606756421,NA,-0.64467017,-0.77999407,NA,NA,NA,0.52171418,-0.702958005,NA,-0.69350074,0.407864709,CALO,C,15,1,CALO_C_15
NA,NA,-0.657594525,-0.727081236,NA,-0.59915832,-1.04914217,NA,NA,NA,-0.18962333,-0.09889754,NA,-0.73322763,-0.722417067,CALO,CW,15,1,CALO_CW_15
-0.33287706,NA,NA,4.981261801,2.60714791,-1.02703511,-0.80913628,-0.6508886705,NA,-0.56113766,0.61210245,0.780455742,0.067331304,1.48907333,-0.386635805,CALO,C,16,1,CALO_C_16
NA,NA,0.938502496,NA,NA,-0.13041389,NA,0.1434969652,NA,-0.06944927,2.55658639,-0.70782079,-0.693207048,-0.04613369,-0.564371126,CALO,CW,16,1,CALO_CW_16
NA,NA,0.055805063,-0.687162229,-0.40730309,2.60005913,NA,0.9516688532,NA,NA,0.58967704,0.157157586,0.347947822,1.59659433,-0.503993391,CALO,C,17,1,CALO_C_17
NA,-1.135832476,-0.614137914,NA,-0.8064185,-0.14118093,NA,NA,NA,NA,-0.31957465,-0.60139006,NA,-0.56957249,0.667182456,CALO,CW,17,1,CALO_CW_17
-0.62535864,NA,NA,0.083198981,NA,-0.03607483,0.72334408,-0.3844988296,NA,NA,1.01786614,-0.578714577,-0.539945837,1.08669822,-0.601333463,CALO,C,18,1,CALO_C_18
NA,NA,NA,-0.690301863,NA,-0.54473576,NA,NA,NA,-0.21618168,-0.88322132,-0.648459992,NA,1.46717551,4.054300926,CALO,C,18,2,CALO_C_18
-0.06709488,NA,-0.876611156,-0.520255998,NA,-0.26136917,3.36771205,NA,NA,-0.026385,3.01421504,NA,-0.414262773,2.28016767,-0.451412656,CALO,CW,18,1,CALO_CW_18
0.68866401,NA,NA,-0.076073902,NA,NA,-0.45040585,NA,NA,NA,NA,NA,NA,0.48776715,1.695680872,CALO,CW,18,2,CALO_CW_18
NA,NA,-0.116540676,NA,-0.2816877,0.80067041,NA,NA,NA,-0.62371833,1.38004165,-0.515820803,-0.441815673,-1.03456134,NA,CP2,C,1,1,CP2_C_1
NA,NA,2.1411741,NA,-0.2382563,0.06611915,NA,-0.3913837838,NA,-0.65139859,-0.80124358,-0.517460903,-0.785027441,-0.66924023,1.338820704,CP2,C,1,2,CP2_C_1
NA,NA,2.940226129,NA,1.693174,0.91234974,NA,-0.5397860979,NA,0.43037933,0.34605689,0.107292157,-0.838575352,-1.01473386,NA,CP2,CW,1,1,CP2_CW_1
NA,NA,0.985816682,-0.730220946,1.44740263,2.01937182,NA,-0.8088980721,NA,-0.72110367,0.78363473,0.691523607,-0.25645215,-0.44352418,-0.803552725,CP2,CW,1,2,CP2_CW_1
NA,NA,0.75854841,NA,-0.75979862,0.37503248,NA,-0.47966991,NA,-0.15925623,2.20957428,-0.383924414,0.560158813,-0.84160384,NA,CP2,C,2,1,CP2_C_2
NA,NA,0.10615177,NA,-0.10060525,0.65568914,NA,NA,NA,-0.5285036,6.0231737,-0.304238826,0.362430198,1.00657685,-0.786733688,CP2,C,2,2,CP2_C_2
NA,NA,-0.971383947,NA,-0.71217623,-0.45652765,NA,NA,-0.31021609,NA,-0.67540748,0.834829379,NA,0.57347132,0.300603593,CP2,CW,2,1,CP2_CW_2
NA,NA,NA,-0.68015697,0.09216501,2.91989145,NA,1.338393108,NA,-0.3421875,0.50340486,1.840643492,-0.522285803,1.40561147,0.025046094,CP2,C,7,1,CP2_C_7
NA,-0.87708587,NA,NA,-0.85501528,-0.25488253,NA,NA,NA,NA,0.01225981,NA,0.118306,0.52206351,-0.508902379,CP2,C,7,2,CP2_C_7
NA,NA,0.83207928,-0.737099697,-0.52358534,-0.33687714,NA,NA,NA,NA,1.54532577,-0.446461167,NA,-1.13903359,-0.741440921,CP2,CW,7,1,CP2_CW_7
NA,NA,NA,-0.659646846,NA,2.41990218,NA,NA,NA,NA,-0.88909764,-0.340557773,-0.280953133,0.13387149,-0.627796733,CP2,CW,7,2,CP2_CW_7
NA,NA,-0.269182308,-0.720686236,-0.02216723,1.08290635,NA,-0.719282573,NA,NA,0.19312642,-0.258161164,-0.76602486,-1.13823279,NA,CP2,C,11,1,CP2_C_11
-0.85573361,NA,NA,-0.495172264,NA,-0.83542649,0.14033459,NA,NA,NA,-1.13053401,-0.6923874,NA,-1.11385157,-0.671853102,CP2,C,11,2,CP2_C_11
NA,NA,-0.486105964,NA,-0.59870652,0.42229544,NA,NA,NA,NA,1.86955311,-0.539127148,NA,-1.11811263,NA,CP2,CW,11,1,CP2_CW_11
NA,NA,0.755411557,NA,NA,0.25671009,NA,0.3354916211,NA,0.40504734,2.01632281,NA,-0.260842654,0.21281776,-0.622387549,CP2,CW,11,2,CP2_CW_11
NA,NA,-0.279507704,NA,NA,-0.76163657,NA,NA,NA,NA,1.31119868,-0.600324818,-0.812838751,-1.11350886,NA,CP2,C,13,1,CP2_C_13
NA,NA,0.873300968,-0.725854574,-0.91974823,0.12406548,NA,-0.799274199,NA,NA,0.08141398,-0.111583675,NA,-0.78454038,0.538080571,CP2,C,13,2,CP2_C_13
NA,NA,0.126360795,NA,NA,-0.27593743,NA,NA,NA,NA,-0.75491253,-0.504432341,NA,-0.60762272,0.277356891,CP2,CW,13,1,CP2_CW_13
-0.84810512,NA,NA,2.493311396,-0.79675342,-1.02195646,NA,NA,NA,NA,-0.59796226,-0.00654415,-0.474818461,2.13195388,0.4449827,CP2,CW,13,2,CP2_CW_13
NA,NA,0.002146334,NA,-0.49883246,-0.43964863,NA,NA,NA,NA,0.09604948,-0.568335281,NA,-0.76489769,-0.852623254,CP2,C,14,1,CP2_C_14
NA,NA,0.434288076,NA,NA,-0.59734316,NA,NA,NA,NA,0.85188561,-0.460906529,NA,0.22539047,0.74146303,CP2,C,14,2,CP2_C_14
NA,NA,-0.282328264,NA,NA,-0.62580072,NA,NA,NA,NA,-0.34977481,2.4574136,NA,0.1475158,-0.433740047,CP2,CW,14,1,CP2_CW_14
-0.04025003,NA,NA,-0.175412178,NA,NA,0.21491054,NA,NA,NA,NA,NA,-0.101291473,1.25758436,1.306848127,CP2,CW,14,2,CP2_CW_14
NA,NA,0.213484056,NA,-0.13849899,0.32199493,NA,NA,NA,NA,-0.05452601,0.416111303,NA,-0.77923775,-0.653526746,CP2,C,15,1,CP2_C_15
-0.71304487,NA,-0.138882762,-0.60511336,NA,-0.34870396,-0.46574722,-0.6139586532,NA,0.07661345,0.50975021,-0.710129426,0.010316632,0.63133152,-0.591143179,CP2,C,15,2,CP2_C_15
NA,-0.003751247,-0.358781555,NA,-0.39240295,-0.22889169,NA,NA,NA,NA,0.01725155,0.808863631,NA,-0.15500083,-0.627293171,CP2,CW,15,1,CP2_CW_15
NA,NA,NA,NA,-0.43020499,-0.01262239,NA,NA,NA,NA,-0.30028713,-0.661499914,-0.793411922,-0.71733756,0.997239861,CP2,C,17,1,CP2_C_17
0.48320069,NA,NA,0.176806157,NA,NA,-0.42430076,NA,NA,NA,-0.90511261,-0.680913457,NA,0.99858851,0.914715098,CP2,C,17,2,CP2_C_17
NA,NA,0.274364551,-0.741554816,NA,-0.61597761,NA,NA,NA,-0.65504991,-0.8489336,0.366801034,NA,-0.72290129,-0.828374476,CP2,CW,17,1,CP2_CW_17
NA,NA,-0.687344528,NA,-0.85450791,-0.31433071,NA,NA,NA,NA,0.1909685,-0.395180017,NA,-0.9974667,-0.7509783,CP2,CW,17,2,CP2_CW_17
-0.47839614,NA,-0.014705366,-0.323128803,NA,-0.14032276,-0.23432758,-0.5926495951,NA,-0.41133767,0.88792731,-0.100183782,NA,-0.63036199,-0.844675228,DPR,C,3,1,DPR_C_3
NA,NA,-0.752044159,NA,-0.59065035,0.35663144,NA,NA,NA,NA,1.77296572,-0.401603317,-0.621274366,-0.36570798,-0.751584508,DPR,C,3,2,DPR_C_3
-0.29351169,NA,-0.077405373,-0.346820873,NA,-0.19954777,-0.29661712,-0.6824674044,NA,-0.44206704,-0.87085609,3.791030263,NA,-0.28814443,-0.769324007,DPR,CW,3,1,DPR_CW_3
-0.89380749,NA,-0.936219612,-0.417583724,NA,-0.41279493,NA,NA,NA,NA,-0.49940421,2.017225762,NA,0.24688679,-0.369291752,DPR,CW,3,2,DPR_CW_3
NA,NA,0.779527303,NA,NA,-0.75871969,NA,NA,NA,1.1574771,0.51926467,-0.640608893,0.218678197,1.97361763,0.816348131,DPR,C,4,1,DPR_C_4
NA,NA,NA,-0.715948863,NA,1.14061686,NA,-0.6678708067,NA,1.36456421,-0.30229435,-0.384041168,NA,-0.59379704,0.491017136,DPR,CW,4,1,DPR_CW_4
-0.64701129,NA,-0.67186316,-0.546845157,NA,-0.61047652,-0.96545311,NA,NA,NA,-0.68123475,-0.503399091,NA,-0.52784688,NA,DPR,C,10,1,DPR_C_10
NA,NA,-0.414011869,NA,-0.38165528,0.83908305,NA,NA,NA,-0.02524634,0.57862082,-0.142172948,NA,0.42832973,-0.234200556,DPR,C,10,2,DPR_C_10
NA,NA,-0.062400916,-0.731833708,NA,1.32792563,NA,0.8583327004,NA,0.55203241,0.50616022,-0.621177592,NA,-0.29928095,0.452096505,DPR,CW,10,1,DPR_CW_10
1.23526516,NA,NA,-0.043721979,NA,NA,-0.16839358,-0.7447975204,NA,NA,NA,-0.580779782,NA,-0.96125728,-0.723035056,IH,C,1,1,IH_C_1
NA,NA,NA,-0.726523585,NA,0.77021513,NA,-0.0370011224,NA,NA,0.64553147,NA,-0.223153329,0.02221639,0.392891223,IH,C,1,2,IH_C_1
2.40709042,NA,NA,0.735218658,NA,-1.06518763,0.51788683,NA,NA,NA,NA,NA,NA,-0.80186664,0.670571925,IH,CW,1,1,IH_CW_1
0.06900609,NA,NA,1.742679638,1.93838789,-0.25338373,NA,-0.3331842428,NA,-0.34921673,0.94289629,-0.016664775,-0.242742036,3.2805636,-0.664894951,IH,CW,1,2,IH_CW_1
0.05810318,NA,NA,-0.318832792,NA,-1.05349822,-0.05361935,NA,NA,NA,NA,NA,NA,1.13731054,3.242375166,IH,C,9,1,IH_C_9
NA,NA,NA,NA,0.22203681,1.37537269,NA,NA,NA,NA,0.55134455,0.237345851,NA,0.60750971,0.043944163,IH,CW,9,1,IH_CW_9
2.09044053,NA,NA,0.486614274,NA,-1.07018495,1.22665136,NA,NA,NA,-0.26545279,-0.699196407,NA,-0.6175757,NA,IH,C,10,1,IH_C_10
4.72217965,NA,NA,3.222197794,1.77581341,-1.03505316,-1.15499297,-0.7856447592,NA,-0.57517016,0.48651602,0.761789889,1.374093098,1.77686873,-0.368367083,IH,C,10,2,IH_C_10
NA,NA,0.136473956,-0.72264587,NA,-0.52340196,NA,-0.500678374,NA,3.01201509,0.93624687,-0.411990594,NA,0.09680029,2.302280603,IH,CW,10,1,IH_CW_10
-0.45451102,NA,-0.581588768,-0.45181488,NA,-0.24513078,0.05445545,NA,NA,-0.47036508,-0.36957149,-0.154272794,NA,-0.84338306,NA,KC2,C,3,1,KC2_C_3
0.5103769,NA,0.69906488,-0.366333831,NA,-0.25452824,2.83774716,-0.8119724814,NA,1.14775812,-0.78183747,-0.344751233,NA,-0.56889613,-0.854581128,KC2,CW,3,1,KC2_CW_3
-0.61730676,1.587163925,-0.588814102,-0.229251185,NA,-0.01715127,NA,NA,NA,-0.63691559,-0.50001681,NA,NA,-0.71632069,-0.860172048,KC2,C,11,1,KC2_C_11
0.6766302,0.560517966,-0.651254649,0.001931416,NA,0.07348401,0.85554142,NA,NA,0.22166384,-0.94718757,NA,NA,-0.94757045,-0.761220327,KC2,CW,11,1,KC2_CW_11
NA,NA,NA,0.900118667,NA,-0.90976251,-0.78603612,-0.6818843268,NA,NA,-0.34395021,NA,-0.659406257,1.26851263,-0.002777675,LC,C,1,1,LC_C_1
-0.36574423,NA,NA,-0.008702917,NA,NA,1.22793652,NA,NA,NA,NA,NA,NA,0.47682106,2.633149091,LC,C,1,2,LC_C_1
-0.39899495,NA,NA,0.452150462,NA,-1.00408383,-0.27568224,-0.4404506505,NA,NA,-1.12537819,-0.486336744,NA,0.12648852,1.330912223,LC,CW,1,1,LC_CW_1
0.38822413,NA,-0.1160731,-0.566427489,NA,-0.62001617,0.97242741,NA,NA,-0.03826132,-0.81110759,-0.453562061,NA,0.1465452,-0.611893109,LC,CW,1,2,LC_CW_1
NA,NA,0.2204222,-0.679918699,NA,0.09522043,NA,0.1812863594,NA,-0.58301676,-0.43258094,-0.40602245,NA,0.79089822,4.005355761,LC,C,3,1,LC_C_3
-0.62205426,NA,-0.562063124,-0.072286427,NA,-0.24296791,-0.02727194,-0.5321557319,NA,-0.56167123,-0.61922489,0.122427335,NA,-0.60130759,-0.802601132,LC,C,7,1,LC_C_7
1.75303574,NA,-0.706307597,0.769570404,NA,-0.08683103,-0.24611498,NA,0.50228752,NA,NA,6.670276711,-0.333547103,0.63630332,-0.618033866,LC,CW,7,1,LC_CW_7
-0.25776354,NA,-0.888122105,0.152895265,NA,-0.52385935,-0.25750561,0.1293171355,NA,NA,-0.75486259,-0.191791927,NA,-0.56477642,NA,LC,C,8,1,LC_C_8
-0.15627395,NA,-0.652723548,-0.098235206,NA,-0.77340299,-0.91347526,-0.2630711447,NA,NA,-1.13339013,0.876028295,NA,-0.36857567,-0.85054885,LC,C,8,2,LC_C_8
0.91549897,NA,-0.896201871,0.244939857,-1.13611115,-0.57489377,-0.2974198,0.3300259309,3.32393313,NA,0.01632508,0.173782606,0.358711957,1.28909183,-0.860036587,LC,CW,8,1,LC_CW_8
-0.82013863,NA,-0.851086914,-0.106629119,NA,-0.4552155,-1.15061936,-0.2874603547,-0.5310294,NA,-1.00985283,1.847538411,NA,-0.50032873,-0.59617038,LC,CW,8,2,LC_CW_8
-0.21127738,NA,NA,-0.32056751,NA,-0.77727463,-0.84996582,-0.6372168251,NA,NA,NA,-0.459441488,NA,-0.39297815,0.646892336,LC,C,10,1,LC_C_10
NA,NA,-0.874427302,-0.642142082,NA,0.05126968,-0.52170713,NA,NA,-0.18747236,-0.0668092,-0.516337571,-0.445134416,1.31552962,0.892400636,LC,C,10,2,LC_C_10
1.44344549,NA,-0.520455678,0.043266569,NA,-0.34958941,-0.5948996,NA,-0.53808269,-0.59417146,-0.73140904,2.492503892,NA,0.54405514,-0.581911219,LC,CW,10,1,LC_CW_10
NA,NA,NA,0.845856382,0.46186218,-1.03578846,NA,-0.8221551373,NA,NA,-0.81563209,-0.087752581,NA,-0.75056421,0.613182325,LC,CW,10,2,LC_CW_10
NA,NA,4.153427677,-0.670653571,1.01214054,2.406162,-1.02642095,4.5749409,NA,4.42626585,0.47154078,0.243892736,-0.570062546,-0.78904126,-0.818309557,LV1,C,4,1,LV1_C_4
NA,NA,3.748911113,-0.735921544,-0.80971639,2.12549602,NA,2.131829697,NA,-0.20285406,0.8024113,-0.610774498,-0.771754941,-0.77303237,NA,LV1,C,9,1,LV1_C_9
NA,NA,1.131311229,-0.730841042,-0.1153428,2.32076869,NA,1.635051967,0.09602095,-0.34828862,-0.76032337,2.353711217,2.100051467,1.74901163,-0.735874821,LV1,C,9,2,LV1_C_9
NA,NA,-0.554861128,-0.730382457,NA,0.54088612,NA,0.0007365899,0.14220855,NA,0.46322387,-0.464261426,-0.514469132,-0.60670935,-0.717672988,LV1,CW,9,1,LV1_CW_9
NA,NA,0.539365671,NA,-1.04929542,0.75677271,NA,0.8179486107,NA,-0.18852334,-0.18013295,-0.576096298,NA,-1.09711818,-0.733799576,LV1,C,10,1,LV1_C_10
-0.61964515,NA,NA,0.089261045,NA,-0.79298171,1.12987408,NA,NA,NA,0.09866395,-0.539229596,NA,1.00991484,0.92414478,LV1,C,10,2,LV1_C_10
NA,NA,2.732247379,NA,-0.99717824,0.79366504,NA,1.282547964,-0.1229607,-0.29863293,2.13240905,-0.38561714,-0.308978795,-0.01891323,-0.604964827,LV1,CW,10,1,LV1_CW_10
NA,0.138475569,NA,-0.707317261,NA,0.06887465,NA,NA,NA,NA,-0.07418982,-0.499969569,-0.166115885,1.11990079,2.107701004,LV1,CW,10,2,LV1_CW_10
NA,NA,-0.755927817,-0.736494801,NA,1.55117568,NA,0.2639274548,NA,-0.03946689,2.03458041,NA,NA,-0.07420936,1.569366876,LV1,C,13,1,LV1_C_13
NA,NA,1.111707061,-0.699046366,NA,3.08275543,3.27622505,NA,2.70884177,0.0990861,2.74914678,0.193823777,3.589711983,3.3421389,-0.769162463,LV1,CW,13,1,LV1_CW_13
-0.73345884,NA,-0.953204473,0.411492134,NA,0.67889407,0.18542507,-0.5488889558,NA,1.17424261,-0.69528441,-0.243619034,-0.113400631,1.78991236,-0.702387353,LV1,CW,13,2,LV1_CW_13
NA,NA,-0.830555555,-0.724729357,NA,1.06761982,1.22102044,NA,NA,NA,-0.5089802,-0.710844548,NA,-0.34628074,0.448212308,LV1,C,14,1,LV1_C_14
NA,NA,-0.653716084,-0.640550844,NA,0.96139172,NA,0.3513815911,NA,-0.29337572,0.61825074,NA,2.87929983,1.65471188,0.974263239,LV1,C,14,2,LV1_C_14
NA,NA,0.389380138,-0.7022663,NA,1.99478572,NA,0.4282491136,-0.28705074,-0.0866872,1.09551467,0.217671623,2.955199758,2.11292095,-0.753407763,LV1,CW,14,1,LV1_CW_14
NA,NA,1.186349351,-0.703212176,-0.45953214,1.80548822,NA,1.795242168,NA,-0.44911935,-0.96709571,-0.556922734,-0.781321081,-0.78704129,-0.813500272,LV1,C,19,1,LV1_C_19
NA,NA,-0.858040708,-0.716125575,NA,1.06538294,NA,0.0990788176,NA,-0.39434835,0.92496327,-0.709349887,NA,-0.85588573,0.551681779,LV1,C,19,2,LV1_C_19
NA,NA,0.778547122,-0.72352614,NA,1.3900933,NA,1.383832084,-0.39900012,-0.3710318,0.80215271,-0.517623813,-0.532590047,-0.45317667,-0.629094129,LV1,CW,19,1,LV1_CW_19
2.0487516,NA,NA,-0.204768629,NA,-1.05742684,0.05007705,NA,NA,NA,-0.42966508,NA,NA,2.06133115,0.539410781,LV1,CW,19,2,LV1_CW_19
NA,0.335012525,-0.601203644,NA,-0.12783202,0.03680095,NA,NA,NA,NA,0.28465785,-0.59896733,-0.5813836,-0.54553992,-0.409248113,LV2,C,2,1,LV2_C_2
NA,NA,NA,-0.704312204,0.19668547,1.0655314,NA,NA,NA,NA,-0.38608671,-0.478846117,NA,-0.52186539,2.42149636,LV2,C,2,2,LV2_C_2
NA,NA,-0.377682849,-0.729690052,NA,0.31185362,NA,-0.4953050044,-0.47232353,NA,-0.38853175,-0.352372921,NA,-0.60522343,0.011701926,LV2,CW,2,1,LV2_CW_2
NA,1.462099805,-0.557600418,NA,0.2551136,0.35720556,NA,NA,NA,NA,-0.60234854,-0.481458357,-0.148906338,-0.14268765,-0.65265887,LV2,CW,2,2,LV2_CW_2
NA,NA,-0.84061051,NA,NA,-0.60424807,NA,NA,NA,0.422088,-0.92687549,0.593117671,NA,0.89411407,0.321140235,LV2,C,4,1,LV2_C_4
NA,NA,-0.998785908,-0.702664413,-0.84026184,2.08735127,NA,0.4418392398,-0.29549093,-0.6008321,0.62499023,-0.518481427,NA,-0.33594846,-0.351300262,LV2,CW,4,1,LV2_CW_4
NA,NA,1.420240022,-0.683112962,-0.43960232,1.64694967,NA,1.638156635,-0.53534175,-0.23575,0.53385025,2.263077873,NA,-0.1468921,NA,LV2,CW,4,2,LV2_CW_4
NA,NA,NA,-0.733523406,NA,0.25557734,NA,-0.2288186465,NA,NA,0.09228918,NA,0.295747408,0.25724378,-0.859857375,LV2,C,5,1,LV2_C_5
-0.6086008,NA,0.561059794,-0.706897018,NA,-0.66443927,0.23283396,-0.3504327395,NA,1.84144657,1.47420539,-0.654594066,-0.238662416,1.13847313,-0.678833549,LV2,C,5,2,LV2_C_5
NA,NA,-0.879461368,-0.691550427,-0.35799783,1.79649106,NA,0.7816840529,-0.22475561,NA,-0.27748274,0.209274063,NA,-0.58222307,-0.6824077,LV2,CW,5,1,LV2_CW_5
NA,NA,0.708835389,-0.672322252,-0.83000198,1.27394488,NA,0.5179533994,NA,-0.15239774,0.3567377,-0.658209648,-0.610493894,-1.014454,-0.758115663,LV2,C,8,1,LV2_C_8
NA,NA,0.689269934,-0.681246502,NA,0.87514611,1.06255269,NA,NA,NA,0.42970033,-0.677573801,NA,-0.70766725,0.370054689,LV2,C,8,2,LV2_C_8
NA,NA,-0.241827297,-0.664196403,-0.17926029,2.43478593,2.07150437,NA,0.22337263,NA,2.02998815,-0.346628221,NA,0.72221262,-0.064976981,LV2,CW,8,1,LV2_CW_8
NA,NA,NA,-0.516219782,NA,1.16019976,-1.12017981,-0.6526328236,NA,0.23446308,1.98420192,NA,NA,3.9502087,-0.706119681,LV2,CW,8,2,LV2_CW_8
NA,NA,NA,-0.717739222,NA,0.8729727,NA,NA,NA,NA,-0.92219316,-0.554415961,0.818845583,-0.08480305,0.934181513,LV2,C,9,1,LV2_C_9
3.00697703,NA,0.134765916,1.266811138,NA,-0.45721569,NA,2.12887632,NA,2.86664053,1.54522144,2.213206981,NA,1.97528896,-0.384079295,LV2,CW,9,1,LV2_CW_9
-0.75876793,NA,-0.605965621,-0.241070803,NA,0.42542724,-0.16804554,NA,NA,0.24702813,-0.95756253,-0.10427314,-0.65925725,1.74925835,-0.577682902,LV2,CW,9,2,LV2_CW_9
NA,NA,3.446565099,-0.677273893,1.02944121,4.65225622,NA,3.587046594,NA,0.51204263,0.17739857,-0.552105385,-0.600168858,-0.18040298,0.08238395,LV2,C,10,1,LV2_C_10
NA,NA,NA,1.217565317,-0.88118329,NA,NA,NA,NA,NA,NA,-0.490518126,NA,0.24149036,0.90713391,LV2,C,10,2,LV2_C_10
NA,NA,NA,-0.7374687,NA,-0.14020816,NA,-0.1482863485,NA,NA,-0.10776419,-0.576842334,NA,-0.7797465,0.887606916,LV2,CW,10,1,LV2_CW_10
NA,NA,-0.539233968,-0.616795544,NA,-0.28107634,-0.63903601,NA,NA,0.37083047,-0.54543744,0.055137505,NA,0.18871327,-0.612892659,LV2,CW,10,2,LV2_CW_10
NA,NA,NA,-0.736329496,NA,-0.20153516,NA,-0.8907831543,NA,-0.505243,-0.48195449,NA,NA,-1.01059413,-0.870008534,MtSH,C,9,1,MtSH_C_9
NA,NA,-0.779067775,-0.671218203,NA,-0.69907091,-0.35116833,NA,NA,-0.63282876,0.10434142,-0.222969933,NA,-0.78283214,0.784411312,MtSH,CW,9,1,MtSH_CW_9
NA,NA,NA,NA,NA,0.60460374,NA,NA,NA,NA,0.66759397,NA,NA,-0.48032145,0.111640156,MtSH,CW,9,2,MtSH_CW_9
-0.331513,NA,-0.277429556,-0.486178463,NA,-0.58973068,-0.37201054,NA,NA,-0.28631534,-1.23702731,-0.722413965,NA,-0.72134846,-0.755420326,RB,C,1,1,RB_C_1
NA,NA,-0.385578659,-0.716313541,NA,1.02834614,NA,0.3302300081,NA,NA,0.41516113,-0.602238688,3.521379227,1.22387836,-0.180635415,RB,C,1,2,RB_C_1
-0.57333286,NA,-0.775940806,-0.674269443,NA,-0.95254847,NA,NA,-0.60161853,NA,NA,-0.498029961,NA,-0.85320252,-0.663063704,RB,CW,1,1,RB_CW_1
1.09025348,NA,-0.038259636,-0.46436216,NA,-0.67102681,0.22064718,NA,NA,-0.54131726,-0.87881988,-0.513921455,NA,-0.22047195,0.740935069,RB,C,12,1,RB_C_12
NA,NA,NA,2.280219562,NA,-1.0473352,NA,NA,NA,-0.51862253,-0.68247689,1.594401791,NA,0.28082387,-0.731020943,RB,C,12,2,RB_C_12
0.12117022,NA,NA,-0.277954504,NA,-0.96577437,-0.45390805,NA,-0.51804066,NA,NA,-0.561049262,NA,0.23729935,1.329063727,RB,CW,12,1,RB_CW_12
NA,NA,-0.451791942,NA,-0.91449543,-0.03631049,NA,NA,NA,NA,0.36211021,1.426868434,NA,0.15431653,-0.437167378,RB,CW,12,2,RB_CW_12
0.91229464,NA,NA,-0.649421349,NA,-1.054088,1.37730855,NA,NA,NA,-1.0871964,-0.422830367,NA,-0.93520598,NA,RB,C,20,1,RB_C_20
0.22055118,NA,NA,0.187970676,NA,-1.04136198,-0.39360627,NA,NA,NA,-0.58577269,NA,NA,-0.42226676,0.651919117,SC,C,7,1,SC_C_7
NA,NA,NA,2.007895009,-0.77064103,NA,NA,NA,NA,NA,-0.55570093,-0.586846133,NA,0.43474898,-0.534229796,SC,C,7,2,SC_C_7
0.0521627,NA,NA,0.275186822,NA,-1.06948236,-0.01868873,NA,NA,NA,-1.18351181,-0.345907923,NA,-0.31705468,0.361343959,SC,CW,7,1,SC_CW_7
1.70115448,NA,NA,0.299994828,NA,-1.03331174,0.85643894,NA,0.33506178,NA,-1.16221797,0.323337194,-0.479078274,-0.55964671,-0.841841906,SC,CW,7,2,SC_CW_7
1.493501,NA,NA,0.231939228,NA,NA,1.02772778,NA,NA,NA,-0.5286663,-0.649242478,-0.786266524,-0.43530257,0.417637251,SC,C,18,1,SC_C_18
0.28467285,NA,NA,0.184944146,NA,-1.06623336,1.69286275,NA,NA,5.91884008,0.23725319,-0.685503192,-0.747704444,-0.53118611,NA,SC,C,18,2,SC_C_18
-0.26748243,NA,NA,1.938028514,NA,-1.06842529,0.23160449,NA,NA,-0.28366424,-1.05093533,-0.522926945,NA,-0.7965071,-0.560551715,SC,CW,18,1,SC_CW_18
0.2801196,NA,NA,2.122403468,NA,-1.02954812,0.91269861,NA,-0.42830568,NA,-1.04906454,-0.505735046,NA,0.06483692,NA,SC,CW,18,2,SC_CW_18
-0.82675048,NA,NA,0.377006014,NA,NA,-0.37535264,NA,NA,NA,-1.24571784,-0.726515976,NA,-0.82969653,0.933590449,SC,C,19,1,SC_C_19
0.65306904,NA,NA,1.239868556,NA,-1.01392531,0.34555342,NA,NA,NA,-0.72495312,-0.716878043,NA,-0.66408206,-0.710295413,SC,CW,19,1,SC_CW_19
-0.12800852,NA,NA,0.238918083,NA,NA,1.10708021,NA,NA,NA,-1.20757885,-0.615598318,NA,-1.18132455,-0.797133893,SC,C,20,1,SC_C_20
0.16420469,NA,NA,0.345862568,NA,NA,-0.68395029,NA,NA,NA,-0.44281947,-0.611506731,NA,-0.78487871,-0.817240173,SC,C,20,2,SC_C_20
1.66167485,NA,NA,1.289373717,NA,NA,2.70990212,NA,0.38600602,-0.4204631,-1.11139897,-0.276926158,NA,-0.47693219,NA,SC,CW,20,1,SC_CW_20
NA,-0.693317713,NA,-0.658633973,NA,0.96247854,NA,NA,NA,NA,0.49424619,-0.599864054,-0.832478942,-0.07762834,-0.648706944,SC,CW,20,2,SC_CW_20
-0.50614522,NA,NA,1.557557574,0.13050683,-1.08281299,-0.55251952,-0.1973492396,NA,-0.63931635,-0.34590839,-0.270244689,NA,-0.53691307,NA,SQ1,C,2,1,SQ1_C_2
NA,-0.215962563,NA,0.501477722,-0.88135384,0.39621918,NA,-0.7022662031,NA,NA,0.28612916,-0.24940234,NA,-0.24088605,-0.513722182,SQ1,C,2,2,SQ1_C_2
NA,NA,NA,0.589353015,NA,NA,NA,NA,-0.4085096,NA,-0.89911502,0.023146817,NA,-0.74653767,-0.868865109,SQ1,CW,2,1,SQ1_CW_2
NA,NA,NA,-0.727617391,NA,1.61743412,NA,NA,NA,-0.40079268,0.10766747,-0.320774771,-0.52733669,0.19059755,-0.553609551,SQ1,C,3,1,SQ1_C_3
NA,NA,-0.948087215,NA,0.41937951,-0.79891441,NA,NA,NA,NA,-0.3660457,NA,-0.706085992,-0.75029779,-0.476110726,SQ1,CW,3,1,SQ1_CW_3
-0.76364792,NA,NA,1.576287355,0.22596189,-1.06920733,NA,NA,NA,NA,0.35113157,-0.614876582,NA,-0.31678701,NA,SQ1,C,5,1,SQ1_C_5
-0.15166758,NA,NA,0.285681394,NA,NA,0.48035631,NA,NA,NA,-0.76235021,-0.642114553,NA,0.9869448,0.893533965,SQ1,CW,5,1,SQ1_CW_5
NA,NA,NA,1.472131357,-0.18267066,-1.08081905,NA,-0.8485893153,NA,NA,-0.72963991,-0.65627191,NA,-0.85484978,1.285115895,SQ1,C,7,1,SQ1_C_7
-0.62927572,NA,NA,1.838308716,-0.23010111,-1.08141425,-0.39885131,NA,NA,NA,-0.94099114,1.169982725,NA,-0.64450692,-0.506710604,SQ1,CW,7,1,SQ1_CW_7
-0.96351696,NA,NA,3.368222419,3.18405519,-1.06135762,-1.19153765,-0.6167448367,-0.41433933,-0.48117023,-0.57387382,0.741622689,NA,-0.72659793,NA,SQ2,C,9,1,SQ2_C_9
-0.9600242,NA,NA,1.519004256,0.05571147,-1.00060325,NA,-0.838483078,NA,-0.67097729,0.47462607,-0.618368508,NA,-1.00012114,-0.767785137,SQ2,CW,9,1,SQ2_CW_9
-0.5993964,NA,NA,0.734935722,NA,NA,-0.33693461,NA,NA,NA,NA,NA,-0.489486477,-0.71787164,-0.686775685,SQ2,CW,9,2,SQ2_CW_9
-0.91606203,NA,NA,1.968413494,2.69600411,-1.07155755,-0.7529584,-0.7425780707,NA,-0.54182891,-0.41118455,0.117576914,NA,-0.56882703,-0.800608762,SQ2,C,12,1,SQ2_C_12
-0.48031052,NA,NA,0.754731868,-1.04103998,NA,NA,NA,-0.40699865,-0.65746682,-0.29118553,0.984040964,0.196007871,-0.57167753,-0.737083032,SQ2,CW,12,1,SQ2_CW_12
NA,-1.09472331,-0.830282093,-0.73116232,-0.34165993,-0.08767845,NA,NA,NA,-0.43014631,0.44179984,NA,-0.287856456,1.52680149,-0.674215255,SQ2,CW,12,2,SQ2_CW_12
0.38418043,NA,NA,2.287054331,1.01360091,-1.06603245,NA,0.1544541867,-0.61075205,NA,0.14333734,0.729796109,NA,-0.92254727,NA,SQ2,C,14,1,SQ2_C_14
0.87244412,NA,1.045313666,-0.616040948,NA,-0.89572695,NA,NA,NA,NA,-0.69330572,0.516836874,NA,0.25540702,0.108406341,SQ2,C,14,2,SQ2_C_14
0.24169737,NA,NA,2.583838348,1.33887395,-1.0652664,NA,-0.5135489294,NA,NA,2.03469366,-0.520129076,0.347584463,0.14028542,-0.549832629,SQ2,CW,14,1,SQ2_CW_14
-0.11458254,NA,NA,1.37093828,-0.71453703,-1.08210398,-1.08061236,NA,NA,NA,1.35764566,-0.563759636,-0.401721446,0.70808551,-0.646666194,SQ2,CW,14,2,SQ2_CW_14
NA,NA,NA,0.487939421,-0.47256847,NA,NA,-0.8854219321,NA,NA,NA,-0.425835072,NA,-0.67543559,0.735432493,SQ2,C,15,1,SQ2_C_15
-0.10330905,NA,NA,1.864032123,-0.86459905,-1.07480657,NA,-0.363127709,NA,-0.62497178,-0.83507209,1.291537921,NA,-0.67740524,-0.701665034,SQ2,C,15,2,SQ2_C_15
-0.86997518,NA,NA,1.516656802,NA,NA,NA,-0.6984945301,NA,NA,-0.05286655,0.344003979,NA,-0.64192002,-0.675648954,SQ2,CW,15,1,SQ2_CW_15
2.8182561,NA,NA,0.643959087,3.4395705,NA,-0.75984968,NA,NA,NA,0.40076192,-0.304124587,-0.334029271,-0.09226638,NA,SQ2,CW,15,2,SQ2_CW_15
NA,NA,NA,NA,0.98313493,1.02546015,NA,NA,NA,-0.31809685,3.50090337,-0.591146066,-0.006861728,0.45757612,-0.641567056,SQ2,C,17,1,SQ2_C_17
NA,NA,-0.913817672,-0.64681744,0.28163005,1.61875263,NA,1.442741698,NA,NA,-0.02224015,-0.638582151,2.779947909,0.72575855,2.74815462,SQ2,C,17,2,SQ2_C_17
-0.184141,NA,NA,-0.521357619,NA,-0.98618321,0.2361095,NA,NA,NA,-0.92401313,-0.668050393,NA,0.58887296,1.276972671,SQ2,CW,17,1,SQ2_CW_17
NA,NA,NA,0.544383931,NA,NA,-0.72778825,-0.8158815311,NA,NA,-1.04985548,-0.46356629,NA,-0.9107713,0.917908106,SQ2,C,18,1,SQ2_C_18
-0.13122829,NA,NA,1.486670871,NA,NA,NA,-0.2403509945,NA,NA,2.62174306,-0.291041818,NA,0.49210888,-0.658749566,SQ2,C,18,2,SQ2_C_18
NA,NA,NA,1.632296928,NA,-1.07601552,NA,-0.6511620986,-0.56141828,-0.73296903,-0.40174499,2.973324271,NA,-0.39113952,-0.703890044,SQ2,CW,18,1,SQ2_CW_18
0.05882767,NA,NA,1.92460539,1.36559763,-1.06934335,-1.13325411,-0.8523638596,NA,-0.72050896,-1.07097098,-0.189592353,NA,-0.89998342,-0.827771633,SQ2,C,20,1,SQ2_C_20
0.23609567,NA,NA,2.130868323,-0.44886578,-1.06456001,NA,-0.650418012,-0.33471381,-0.59899605,-1.30152145,2.909504511,-0.333862443,-0.56943928,-0.764334247,SQ2,C,20,2,SQ2_C_20
-0.73544827,-0.785443534,NA,3.483923826,0.11542941,-0.49102138,-1.16083838,-0.3153204226,0.32091423,-0.54875835,0.36821747,0.919715507,-0.558611295,-0.55147732,-0.613152644,SQ2,CW,20,1,SQ2_CW_20
-1.0818382,NA,1.248041721,-0.731022585,NA,-0.66584839,-0.96292587,-0.827892047,-0.62127914,0.14753391,-0.6550517,-0.327707794,NA,-0.95593433,-0.813117868,TFC,C,1,1,TFC_C_1
-0.86322621,NA,-0.524896694,-0.481733435,NA,-0.16896328,-0.2049139,NA,NA,0.25407582,-0.97108519,-0.244609506,NA,0.74752253,0.539733447,TFC,CW,1,1,TFC_CW_1
-0.82731346,NA,-0.515390586,-0.605756193,NA,-0.72109153,NA,NA,NA,NA,-0.1011005,0.474924634,NA,-0.76389208,NA,TFC,C,2,1,TFC_C_2
0.84111642,NA,0.091376023,-0.659418489,NA,-0.85374099,-0.56035357,NA,NA,NA,-0.96207811,-0.467166991,NA,-0.55238162,1.479710639,TFC,C,2,2,TFC_C_2
-0.24370355,NA,-0.199833544,-0.645213125,NA,-0.79216661,NA,-0.8171358106,3.74389486,NA,-0.31973783,0.138514666,1.458990366,0.61847988,NA,TFC,CW,2,1,TFC_CW_2
-0.27989919,NA,NA,-0.110422461,NA,-0.48839887,-0.06748719,-0.4777543675,NA,NA,-0.82312863,-0.611534194,0.209753133,1.63684028,-0.644619976,TFC,CW,2,2,TFC_CW_2
-0.74953172,NA,-0.87768908,-0.647487285,NA,-0.94044107,NA,NA,NA,NA,-0.57758062,-0.002579814,NA,-0.84139746,-0.752789775,TFC,C,3,1,TFC_C_3
1.95972323,NA,NA,1.500922038,-0.46286305,-1.06713758,NA,NA,NA,-0.47958972,2.16872986,-0.094565254,NA,3.51581206,-0.597872056,TFC,C,3,2,TFC_C_3
NA,NA,-0.520397745,-0.676579061,NA,-0.23456901,-0.83376304,NA,NA,0.3230264,-0.65396204,1.146932463,NA,0.31805986,0.054953943,TFC,CW,3,1,TFC_CW_3
NA,NA,0.54793388,NA,NA,0.18085913,NA,NA,NA,NA,0.2979023,3.601695789,NA,0.91806033,-0.156779559,TM2,C,3,1,TM2_C_3
NA,NA,-0.627194089,-0.709977621,NA,-0.53695145,-0.55469175,NA,NA,1.47192867,-0.60793149,NA,NA,-0.49081102,-0.673846314,TM2,CW,3,1,TM2_CW_3
NA,NA,NA,-0.594782524,NA,-0.3072404,-0.97670452,NA,NA,-0.70443103,-0.46814648,NA,NA,0.10531771,-0.199469119,TM2,C,4,1,TM2_C_4
NA,NA,NA,NA,NA,-0.1095135,NA,NA,NA,-0.5360987,0.23792018,-0.698013045,-0.770028244,0.19938607,0.985603679,TM2,CW,4,1,TM2_CW_4
-0.91906593,NA,NA,-0.498216346,NA,0.41127473,1.80576363,NA,NA,-0.64275309,0.81205238,-0.453764296,1.224968931,0.68854758,-0.689420119,TM2,C,5,1,TM2_C_5
NA,NA,NA,-0.340818497,NA,-0.0737345,-0.95529717,NA,-0.19021009,-0.49663673,-0.85915518,-0.498963279,NA,-0.62399183,NA,TM2,CW,5,1,TM2_CW_5
NA,NA,NA,0.907504361,-0.54505622,NA,NA,NA,NA,NA,0.70660326,-0.626890875,NA,0.70812272,1.569635273,TM2,CW,6,2,TM2_CW_6
NA,NA,-0.708443129,NA,NA,0.39385028,NA,-0.3117590109,NA,NA,0.36956038,NA,NA,-0.89173617,-0.656431164,TM2,C,7,1,TM2_C_7
NA,NA,-0.266010036,-0.531894024,NA,0.21209941,-0.78915199,NA,NA,0.18051579,-0.68934835,-0.493206573,NA,-0.37898112,-0.449274308,TM2,CW,7,1,TM2_CW_7
NA,NA,1.30526205,NA,0.50424278,-0.40954866,NA,NA,NA,-0.2588064,0.09413232,-0.620251248,NA,-0.27866736,0.380926485,TM2,CW,7,2,TM2_CW_7
NA,NA,NA,-0.735957812,-0.61442334,0.22778446,NA,NA,NA,NA,-0.3555575,-0.544004169,NA,-0.1753996,1.809358295,TM2,C,9,1,TM2_C_9
NA,NA,0.888383125,NA,NA,-0.15380039,NA,0.2371330496,NA,NA,NA,NA,NA,-0.7558118,2.299835154,TM2,C,9,2,TM2_C_9
0.09550043,NA,-0.16150133,-0.404209565,NA,-0.42915186,NA,NA,-0.37676334,NA,-1.0494453,-0.603856501,NA,-0.79715249,NA,TM2,C,10,1,TM2_C_10
NA,NA,NA,-0.299263157,NA,-0.05463182,-0.94041522,NA,0.32623801,-0.65066371,-0.17295207,-0.646320306,NA,-0.44196166,-0.797003901,TM2,CW,10,1,TM2_CW_10
-0.08379405,NA,1.388911297,-0.255163089,NA,1.40106289,-0.37813047,-0.7682615363,0.04543695,0.11277251,-0.67346267,-0.166856912,NA,-0.02298698,-0.691922361,TM2,C,11,1,TM2_C_11
-0.50661061,NA,NA,0.159058292,NA,-1.07416703,NA,1.070730877,NA,NA,-0.5374567,-0.713125216,NA,-0.07568245,2.502475101,TM2,C,11,2,TM2_C_11
NA,NA,NA,-0.642843289,NA,-0.50977907,-0.48826222,NA,NA,-0.12843111,-0.82859209,NA,NA,-0.94598228,0.381556673,TM2,CW,11,1,TM2_CW_11
NA,NA,NA,0.473620423,-0.55536131,-0.48621414,NA,2.739616354,NA,-0.54549235,-0.66497634,2.817642799,NA,0.12258518,-0.735088979,TM2,CW,11,2,TM2_CW_11
NA,1.639780145,NA,-0.723087965,NA,0.33052091,NA,NA,NA,NA,-0.83258245,-0.405104158,NA,-0.5038928,0.397668115,WL1,C,2,1,WL1_C_2
-0.62776188,NA,NA,-0.469057396,NA,-0.06723607,1.96012706,NA,NA,NA,1.49224185,NA,-0.572517446,0.41476484,-0.485598464,WL1,CW,2,1,WL1_CW_2
NA,-0.936917523,NA,-0.736419483,NA,1.32133328,NA,NA,NA,NA,-0.79894745,-0.480930445,NA,-0.65609341,1.20539753,WL1,C,9,1,WL1_C_9
NA,0.776228007,NA,NA,0.67909864,1.54847093,NA,-0.8755957488,NA,NA,-0.55643212,-0.437280618,NA,-0.9535857,NA,WL1,CW,9,1,WL1_CW_9
NA,-1.281483807,NA,NA,NA,0.09040996,NA,NA,NA,NA,NA,0.64433347,-0.780320112,-0.66382847,-0.729974696,WL1,CW,9,2,WL1_CW_9
NA,NA,NA,1.277848542,NA,NA,-0.88868143,NA,NA,NA,-0.48453418,NA,NA,-0.91123189,-0.653413582,WL1,C,11,1,WL1_C_11
NA,0.469194682,NA,NA,-0.87400249,0.3115737,NA,NA,NA,NA,-0.83883061,-0.286721322,NA,-1.12175705,-0.803652006,WL2,C,1,2,WL2_C_1
NA,NA,-0.068585666,-0.723331471,NA,-0.77405116,NA,-0.2816766221,NA,2.49444095,1.04438269,NA,-0.63875866,0.79212147,0.168642304,WL2,CW,1,1,WL2_CW_1
NA,-0.566947253,-0.615241098,NA,-1.07857795,0.17994175,NA,NA,NA,NA,-1.1879088,-0.545671948,NA,-0.91848541,NA,WL2,C,10,1,WL2_C_10
NA,-1.186873064,-0.8058517,NA,NA,-0.16182245,NA,NA,NA,NA,-0.92373403,-0.688113923,NA,-1.19912767,-0.646280846,WL2,C,10,2,WL2_C_10
NA,-0.412141554,-0.241764697,NA,NA,-0.13596168,NA,NA,NA,NA,-0.90662672,-0.53790331,NA,-0.85178227,-0.831064344,WL2,C,11,1,WL2_C_11
NA,NA,1.536093018,-0.728711146,NA,0.24093224,NA,1.001245913,NA,-0.24188918,-1.07474288,-0.424075558,NA,-0.44354325,0.448421389,WL2,C,11,2,WL2_C_11
NA,1.081575161,-0.688778832,NA,0.92792279,-0.22376716,NA,NA,NA,-0.59280553,1.96838223,NA,-0.378326382,0.58189993,-0.730642325,WL2,CW,11,1,WL2_CW_11
0.36552581,NA,0.580472044,-0.642485895,NA,-0.70977991,-0.3045495,NA,NA,NA,0.09413589,0.119012622,NA,0.79863797,0.771918192,WL2,CW,11,2,WL2_CW_11
NA,-0.492923549,NA,NA,NA,-0.04850648,NA,NA,NA,NA,0.74055393,-0.566119747,NA,-0.93440518,-0.672015066,WL2,C,12,1,WL2_C_12
NA,NA,NA,-0.618424771,NA,-0.47503124,-0.90080731,-0.8142497972,NA,-0.57089644,-0.18320308,NA,NA,2.10611302,-0.463332801,WL3,C,1,1,WL3_C_1
NA,NA,0.879311921,NA,-0.09609639,1.195033,NA,0.5436280305,NA,0.91151869,0.52136552,-0.492157938,NA,0.08627414,2.028329705,WL3,CW,1,1,WL3_CW_1
NA,NA,-0.019829763,NA,-0.17219441,-0.3578384,NA,-0.8092481395,NA,NA,NA,-0.565829586,NA,-0.62115853,1.117758484,WL3,C,14,1,WL3_C_14
-0.84206397,NA,-0.729101884,-0.546425066,NA,0.25628321,-0.35032562,NA,NA,0.71414883,-0.98870433,-0.542859701,NA,0.0845878,0.221337466,WL3,C,14,2,WL3_C_14
NA,2.104343767,-0.311490432,-0.732855205,-1.03142748,-0.1094261,NA,NA,NA,NA,-0.96237594,2.066197989,NA,-0.3187085,-0.67986381,WL3,CW,14,1,WL3_CW_14
NA,NA,NA,-0.725467615,NA,1.64915679,NA,NA,NA,-0.43840938,-0.78709227,0.389007125,NA,-1.11641252,-0.718349452,YO10,C,5,1,YO10_C_5
NA,NA,NA,-0.016680279,NA,-1.01041113,-0.75166324,-0.1546295264,NA,NA,NA,-0.468918885,NA,0.90953322,3.15555772,YO10,C,5,2,YO10_C_5
NA,NA,NA,-0.722091607,NA,1.10853089,NA,NA,-0.5164921,-0.74506569,NA,-0.332939032,NA,-1.09263418,-0.756905348,YO10,CW,5,1,YO10_CW_5
NA,NA,-0.473173066,-0.71591037,NA,0.10098598,-0.28332139,NA,NA,1.73546823,-0.61529873,-0.456450515,NA,1.5771008,2.292362083,YO10,CW,5,2,YO10_CW_5
2.4850454,NA,NA,0.322304644,NA,NA,3.5249103,NA,NA,NA,NA,-0.696623277,NA,-0.16823614,-0.483466005,YOSE8,C,1,1,YOSE8_C_1
0.00162698,NA,NA,-0.125371976,NA,-1.01182957,NA,0.9069759523,NA,-0.45139666,-1.06450793,-0.67065947,-0.337656424,-0.61090254,-0.749663234,YOSE8,CW,1,1,YOSE8_CW_1
-0.32292192,NA,-0.344697151,-0.453244962,NA,-0.1122274,0.10575027,NA,NA,-0.25007438,-0.64914061,-0.558622578,NA,-0.03968692,1.889812441,YOSE8,C,5,1,YOSE8_C_5
0.13055652,NA,NA,-0.343063496,NA,NA,0.05353096,NA,NA,NA,-0.56029944,NA,NA,0.93728182,2.050567181,YOSE8,C,5,2,YOSE8_C_5
NA,NA,0.067732795,-0.736664279,-0.77522814,0.14204922,NA,-0.489390521,NA,-0.07133376,-0.97921395,0.367718463,NA,-0.97473962,-0.862996115,YOSE8,CW,5,1,YOSE8_CW_5
NA,NA,NA,NA,NA,-0.27192524,NA,NA,NA,NA,-0.64383498,-0.557096716,NA,-0.64619546,-0.823528591,YOSE8,CW,5,2,YOSE8_CW_5