"","Population","treatment","mf","X3MSO","OHAlkenyl","X4MSO","Allyl","X5MSO","Butenyl","X3MT","MSOO","X4MT","Flavonol16","I3M","Flavonol17","Flavonol18","Indole","totalaliphatic","totalindole","totalGSL","logGSL","logindoles","logaliphatics","biomass","totalflavonoid","logflavonoids","shannon_diversity"
"1","BH","C",5,0,0,30.20579,27.18941,0,1531.9071,0,31.33564,14.41383,16.79689,88.85563,26.43199,50.44066,28.72253,1635.05177,117.57816,1752.62993,7.46887275596081,4.76710330393178,7.39942974643863,0.32,1635.05177,7.39942974643863,0.804037524866918
"2","BH","C",7,0,0,28.57827,15.48263,0,981.41779,0,57.59153,8.42368,30.31212,24.25251,0,17.59289,7.68715,1091.4939,31.93966,1123.43356,7.02414495325013,3.46384849777091,6.9953025873349,0.07,1091.4939,6.9953025873349,0.750500072589879
"3","BH","C",9,14.81113,0,0,359.88889,0,29.24652,31.3145,8.4459,0,13.86213,11.20167,0,28.27715,9.8219,443.70694,21.02357,464.73051,6.14145768919718,3.04564418927721,6.09516429946155,0.19,443.70694,6.09516429946155,1.17132132674564
"4","BH","C",17,0,0,0,61.40265,0,423.57709,0,0,0,20.98177,0,19.16614,158.01237,7.24828,484.97974,7.24828,492.22802,6.19894206441463,1.98076419934109,6.18410711686908,0.16,484.97974,6.18410711686908,1.10594531463058
"5","BH","CW",5,24.27959,0,0,522.35645,0,132.97873,34.1317,0,0,26.90035,101.96323,0,48.74755,28.0017,713.74647,129.96493,843.7114,6.73781049299211,4.86726464483055,6.57052781524871,0.17,713.74647,6.57052781524871,1.47275323248137
"6","BH","CW",7,0,120.30284,60.8937,0,0,168.03502,0,0,0,11.46307,198.63205,0,40.09261,19.01385,349.23156,217.6459,566.87746,6.34014316044102,5.3828694302376,5.85573519788847,0.11,349.23156,5.85573519788847,1.62389959389138
"7","BH","CW",9,31.43873,0,0,599.22467,0,20.49561,51.01878,45.06938,12.11376,13.5891,107.96035,0,44.0093,12.86921,759.36093,120.82956,880.19049,6.78013834995598,4.79438095755282,6.6324771979622,0.1,759.36093,6.6324771979622,1.39162875729861
"8","BH","CW",17,30.74951,0,29.59467,61.65189,0,210.37416,20.43958,0,12.64296,10.44502,13.85369,0,35.85932,34.28445,365.45277,48.13814,413.59091,6.02487734519642,3.87407479430063,5.90113705059394,0.22,365.45277,5.90113705059394,1.80569888249149
"9","CALO","C",1,12.326195,28.023435,101.92437,43.609535,16.75644,480.61177,17.926475,0,7.760175,21.71705,191.43329,25.778865,107.80901,30.17731,708.938395,221.6106,930.548995,6.82013180595187,5.28963550108999,6.49015537864508,0.2,708.938395,6.49015537864508,1.62703082659333
"10","CALO","C",2,28.52306,0,17.0871,101.9727,0,418.88065,39.12373,0,0,15.96889,26.7266,27.40757,83.39035,6.67257,605.58724,33.39917,638.98641,6.45988318654574,3.50853104937448,6.40619863188805,0.26,605.58724,6.40619863188805,1.55763788875994
"11","CALO","C",3,21.537255,0,27.206205,87.036295,0,236.35587,40.356775,3.123545,17.586765,20.466375,71.69586,0,11.393685,3.47773,433.20271,75.17359,508.3763,6.20542434780019,4.08810825249921,6.05864855972633,0.19,433.20271,6.05864855972633,1.74517550930114
"12","CALO","C",4,19.55698,0,0,93.97192,0,162.83417,36.10744,0,0,20.51182,226.96419,0,32.29014,7.79443,312.47051,234.75862,547.22913,6.30486759954055,5.45855783732902,5.74451009672352,0.15,312.47051,5.74451009672352,1.6218303828424
"13","CALO","C",14,13.894985,0,34.981405,60.92375,0,279.381345,33.86709,11.651865,14.72628,26.68867,173.07351,0,20.31751,4.53367,449.42672,177.60718,627.0339,6.42694740915104,5.17922950685755,6.08272777569547,0.205,449.42672,6.08272777569547,1.69230638197322
"14","CALO","C",15,17.09461,0,21.62481,63.3452,0,204.5083,16.63164,0,0,25.90218,11.18628,0,22.88002,35.42923,323.20456,46.61551,369.82007,5.91301659006009,3.84193331837314,5.7782854354583,0.17,323.20456,5.7782854354583,1.68439102702883
"15","CALO","C",16,34.16689,0,0,2272.79224,71.08192,34.27076,15.96179,17.42082,9.8217,26.91584,217.52196,24.71034,92.67952,16.54341,2455.51612,234.06537,2689.58149,7.89714088056642,5.45560043531861,7.80609225031216,0.26,2455.51612,7.80609225031216,0.880669831774767
"16","CALO","C",17,0,0,48.8013,31.55354,21.76881,1649.13538,0,89.9798,0,26.66435,130.8242,30.37891,96.11808,13.75374,1841.23883,144.57794,1985.81677,7.59378557952305,4.97381873930354,7.51819390122755,0.15,1841.23883,7.51819390122755,0.986792414711928
"17","CALO","C",18,12.347985,0,0,183.229445,0,362.23506,25.593355,14.741075,7.90096,20.8064,23.617315,6.221545,85.89532,66.773705,606.04788,90.39102,696.4389,6.47065250675227,4.31722004468629,6.25422631777313,0.205,606.04788,6.25422631777313,1.49848573895113
"18","CALO","CW",1,22.835735,0,6.646125,141.62982,0,326.628595,9.14544,23.04573,0,21.500905,121.436685,0,76.020095,54.39901,529.931445,175.835695,705.76714,6.53774818367922,5.15159572985184,6.21293659001842,0.19,529.931445,6.21293659001842,1.71932033937025
"19","CALO","CW",2,25.21057,0,27.8444,39.09104,0,130.90157,11.66581,0,0,17.46644,168.97736,0,35.80042,30.5197,234.71339,199.49706,434.21045,6.07352932440469,5.29579949937922,5.45836515278478,0.45,234.71339,5.45836515278478,1.81320922394683
"20","CALO","CW",3,22.469185,0,23.44266,74.110545,0,206.5688,23.12547,0,3.22892,18.55186,103.101625,0,24.23251,19.82389,352.94558,122.925515,475.871095,6.16448393112712,4.74828472072002,5.85179412974942,0.165,352.94558,5.85179412974942,1.73479613096332
"21","CALO","CW",14,10.1927,0,31.050985,55.24844,0,275.194045,31.123475,6.692335,20.41518,21.33859,112.94317,0,18.887685,6.716605,429.91716,119.659775,549.576935,6.30886686063433,4.77889155748518,6.06359238252137,0.235,429.91716,6.06359238252137,1.68922184617982
"22","CALO","CW",15,0,0,22.81797,15.76996,0,224.77121,10.44512,0,0,17.92488,95.20817,0,21.60954,8.56166,273.80426,103.76983,377.57409,5.93376681433231,4.64217527337743,5.61241347153536,0.43,273.80426,5.61241347153536,1.4138705556769
"23","CALO","CW",16,0,0,80.95077,0,0,433.46686,0,53.38821,18.3457,48.72227,10.50989,9.34715,43.58305,12.31852,586.15154,22.82841,608.97995,6.41178534434363,3.12800581291269,6.37357835682821,0.09,586.15154,6.37357835682821,1.38239656960846
"24","CALO","CW",17,0,35.88474,24.40074,0,15.23972,428.67313,0,0,0,16.46754,25.31389,0,26.84329,41.59339,504.19833,66.90728,571.10561,6.34757414877088,4.20330778034684,6.22296970257063,0.16,504.19833,6.22296970257063,1.18432098500101
"25","CALO","CW",18,55.00946,0,7.42049,185.35921,0,187.5813,68.0882,0,9.546135,26.927175,0,7.49097,89.318195,40.52256,513.004795,40.52256,553.527355,6.29105055112294,3.44928741881014,6.19660239701972,0.38,513.004795,6.19660239701972,1.51865249759623
"26","CP2","C",1,0,0,83.63922,0,24.178985,684.48727,0,14.58521,8.496855,23.29688,37.102095,10.95885,17.81433,28.779345,815.38754,65.88144,881.26898,6.7773247293046,4.08291858970801,6.69486273600666,0.215,815.38754,6.69486273600666,1.06447481379469
"27","CP2","C",2,0,0,62.515765,0,21.39421,720.980405,0,12.586545,13.58812,66.21452,61.10425,32.66856,47.69637,3.516405,831.065045,64.620655,895.6857,6.79607497089829,4.15861145667327,6.72153671308883,0.41,831.065045,6.72153671308883,1.19939511655016
"28","CP2","C",7,0,25.45615,0,17.161675,22.192145,1084.79129,0,53.744755,6.80873,22.942875,182.494475,19.26994,75.88229,19.98321,1210.154745,202.477685,1412.63243,6.94733756363402,4.29115584989147,6.84188784302064,0.225,1210.154745,6.84188784302064,1.1040757949335
"29","CP2","C",11,8.61807,0,18.48233,62.881475,14.034605,546.621905,18.892955,7.162075,0,14.79513,42.855985,3.9381,9.04719,4.8818,676.693415,47.737785,724.4312,6.38062009983851,3.70058999249967,6.30939404912402,0.265,676.693415,6.30939404912402,1.17894515144732
"30","CP2","C",13,0,0,57.5823,8.127485,6.692885,349.59953,0,5.351185,0,27.860145,59.452825,3.46527,14.708275,19.262275,427.353385,78.7151,506.068485,6.02495244289253,4.05987501545327,5.87133755236966,0.34,427.353385,5.87133755236966,1.28127888971676
"31","CP2","C",14,0,0,54.71665,0,10.135745,260.68395,0,0,0,25.366725,37.38306,0,36.431605,24.41283,325.536345,61.79589,387.332235,5.95888283169084,4.02292853462411,5.77884112229723,0.28,325.536345,5.77884112229723,1.33480579207125
"32","CP2","C",15,10.92829,0,48.127335,31.997425,13.083075,485.58435,11.92739,9.54645,10.438935,22.60397,88.51609,11.77931,42.693375,10.94068,621.63325,99.45677,721.09002,6.55163159849035,4.13077379681063,6.42079291842695,0.315,621.63325,6.42079291842695,1.42150443846015
"33","CP2","C",17,30.296255,0,0,186.57904,10.69708,242.955155,12.403725,0,0,13.29243,15.602735,3.661485,49.555675,48.458245,482.931255,64.06098,546.992235,6.30324148326949,4.15917298923458,6.17859911313445,0.415,482.931255,6.17859911313445,1.0759949833098
"34","CP2","CW",1,0,0,118.26564,7.264275,54.120035,1144.16455,0,16.35892,17.02966,26.38588,164.520045,12.290215,21.740615,3.316505,1357.20308,167.83655,1525.03963,7.31681257310183,5.087475274478,7.20220118147463,0.36,1357.20308,7.20220118147463,1.07259228240233
"35","CP2","CW",2,0,0,19.555795,6.76576,17.16566,334.620865,0,0,5.907725,37.5386,148.573505,0,63.06415,16.43978,384.015805,165.013285,549.02909,6.30708183386735,4.91517425473362,5.93495794743537,0.275,384.015805,5.93495794743537,1.41509131468296
"36","CP2","CW",7,0,0,38.53732,27.120805,9.93328,955.23508,0,0,0,23.73105,54.229075,8.837425,28.9857,9.46015,1030.826485,63.689225,1094.51571,6.82693777052503,4.14456230216205,6.74736750278956,0.425,1030.826485,6.74736750278956,0.905014679802063
"37","CP2","CW",11,0,0,51.67308,0,9.31883,642.684415,0,31.040575,13.28583,41.840505,16.98718,9.040545,30.582595,5.469715,748.00273,22.456895,770.459625,6.64691536239852,2.95898990786961,6.61702150365678,0.4,748.00273,6.61702150365678,0.946557444601163
"38","CP2","CW",13,8.74158,0,25.685535,644.54065,7.698915,202.604185,0,0,0,12.4655,73.42716,6.879345,69.43275,34.31926,889.270865,107.74642,997.017285,6.75596255154877,4.61840957137852,6.62725003193759,0.21,889.270865,6.62725003193759,0.982386915457333
"39","CP2","CW",14,21.82126,0,18.24293,116.94722,0,106.454705,19.75004,0,0,8.06443,225.389345,10.652045,67.526225,36.111195,283.216155,261.50054,544.716695,6.24846727259941,5.092066480307,5.63902884001305,0.325,283.216155,5.63902884001305,1.30943464436754
"40","CP2","CW",15,0,71.569225,16.850645,25.769995,24.31986,306.50481,0,0,7.89362,27.30258,154.35637,3.779595,36.26478,5.41141,452.908155,159.76778,612.675935,6.37943175778276,4.95833451493224,6.09364395862842,0.45,452.908155,6.09364395862842,1.6220869795893
"41","CP2","CW",17,0,0,39.24803,5.023625,7.226515,284.4329,0,0,4.09681,16.362035,106.99065,0,17.54943,6.96286,340.02788,113.95351,453.98139,6.1180106857923,4.61867099819906,5.81907201124983,0.28,340.02788,5.81907201124983,1.21323489071481
"42","DPR","C",3,14.7274,0,32.80556,87.744375,9.384725,539.68285,14.587045,10.028855,6.20933,34.971715,74.06626,5.40011,29.131085,6.761915,715.17014,80.828175,795.998315,6.67788279228126,4.36120123281729,6.57182243993357,0.38,715.17014,6.57182243993357,1.29591444128125
"43","DPR","C",4,22.80636,0,37.5803,142.000795,0,163.09737,41.384695,6.702045,19.80796,34.516975,65.030815,13.883805,65.521915,22.56958,433.379525,87.600395,520.97992,6.18637231738002,4.43833904155087,5.99344496919599,0.44,433.379525,5.99344496919599,1.78361351026452
"44","DPR","C",10,11.997415,0,26.99399,43.51676,11.09419,542.42049,6.18438,0,9.556005,19.47603,64.066365,0,43.467125,10.08345,651.76323,74.149815,725.913045,6.478226109405,4.17836464365955,6.37246165609892,0.355,651.76323,6.37246165609892,1.26377098845322
"45","DPR","CW",3,25.722425,0,28.30973,152.131675,0,355.215655,13.871165,7.995515,5.942965,12.368015,512.914505,0,44.398705,12.20117,589.18913,525.115675,1114.304805,6.9935856412375,6.23743559674515,6.3594540524101,0.145,589.18913,6.3594540524101,1.4676934544673
"46","DPR","CW",4,11.68046,0,6.798465,91.800775,0,641.68654,57.79906,8.32596,29.5454,19.297825,36.64558,0,29.36818,18.70291,847.63666,55.34849,902.98515,6.75911134589048,3.7040954527051,6.70360509675552,0.165,847.63666,6.70360509675552,1.21506607888836
"47","DPR","CW",10,0,0,44.49602,13.89088,0,1082.75269,0,85.75382,29.11982,25.72775,22.56154,0,35.48731,36.48065,1256.01323,59.04219,1315.05542,7.1816340882105,4.07825227310021,7.13569788041216,0.23,1256.01323,7.13569788041216,0.932914262119824
"48","IH","C",1,42.47265,0,0,150.976945,0,417.223665,15.34481,29.192355,0,13.645365,14.09034,9.421215,30.04299,21.810135,655.210425,35.900475,691.1109,6.47426499683556,3.58048501731584,6.41263563824787,0.16,655.210425,6.41263563824787,1.01691599056741
"49","IH","C",9,46.82732,0,0,177.18735,0,22.48878,33.32777,0,0,0,0,0,81.43002,102.80748,279.83122,102.80748,382.6387,5.94709120191697,4.63285811301991,5.63418663570662,0.3,279.83122,5.63418663570662,1.57414145412603
"50","IH","C",10,155.246455,0,0,1036.46445,28.7411,22.880205,35.383795,5.659735,4.789215,21.29097,113.317565,25.553735,63.595725,8.488835,1289.164955,121.8064,1410.971355,7.10453505927595,3.95336047629084,7.03826967951172,0.21,1289.164955,7.03826967951172,1.16487914245636
"51","IH","CW",1,85.03542,0,0,793.118895,30.07087,198.001145,23.23208,15.90276,6.7478,15.312765,53.323175,9.223365,84.69323,25.80148,1152.10897,79.124655,1231.233625,7.05731782069468,4.24420715918268,6.99444914292899,0.175,1152.10897,6.99444914292899,1.24240373322128
"52","IH","CW",9,0,0,0,0,32.06412,1103.8772,0,0,0,26.23447,141.978,0,64.4868,26.77859,1135.94132,168.75659,1304.69791,7.1737268063696,5.12845738084199,7.03521694301736,0.2,1135.94132,7.03521694301736,0.797277978103928
"53","IH","CW",10,0,0,51.73941,17.52366,0,258.49966,0,24.22189,71.76653,30.55096,51.65844,0,48.15413,80.46079,423.75115,132.11923,555.87038,6.32053513757527,4.88370477247049,6.04914637255528,0.17,423.75115,6.04914637255528,1.84824671801157
"54","KC2","C",3,30.22823,0,25.58624,124.60755,0,382.3923,35.81193,0,11.39535,15.90685,87.50574,0,18.08673,0,610.0216,87.50574,697.52734,6.54754171005995,4.47170439121198,6.41349436637651,0.47,610.0216,6.41349436637651,1.53078930740628
"55","KC2","C",11,24.9567,194.03171,25.32308,212.60703,0,483.89395,0,0,8.508,14.44397,0,0,22.15023,5.28713,949.32047,5.28713,954.6076,6.86130036598993,1.6652755655646,6.85574643391241,0.27,949.32047,6.85574643391241,1.40122796196294
"56","KC2","CW",3,61.47251,0,72.23001,158.40591,0,378.20834,99.78745,10.12743,39.44743,11.28349,61.01111,0,26.86492,5.42003,819.67908,66.43114,886.11022,6.78684134467369,4.19616592245117,6.70891289780104,0.41,819.67908,6.70891289780104,1.83799315040348
"57","KC2","CW",11,66.856,134.40587,23.04888,304.01434,0,524.24683,54.22534,0,23.39249,9.42917,0,0,14.75478,7.63928,1130.18975,7.63928,1137.82903,7.03687736614118,2.03330335789979,7.03014081796332,0.13,1130.18975,7.03014081796332,1.55061114881549
"58","LC","C",1,16.551305,0,0,479.479155,0,43.24159,39.638905,8.008715,0,8.09709,0,5.01497,72.96662,56.99687,586.91967,56.99687,643.91654,6.43574774485763,3.8631380492506,6.31877929540242,0.295,586.91967,6.31877929540242,1.16596907166295
"59","LC","C",3,0,0,54.79696,34.41756,0,533.92438,0,55.0992,9.4424,15.20023,52.48858,0,70.35163,120.94405,687.6805,173.43263,861.11313,6.75822588952455,5.15578922426724,6.53332434053624,0.28,687.6805,6.53332434053624,1.50267340523226
"60","LC","C",7,24.80297,0,26.2974,274.66934,0,383.35526,33.93338,22.79669,9.81245,13.10711,125.99339,0,25.82839,6.65563,775.66749,132.64902,908.31651,6.8115928971568,4.88770669269366,6.65372393608613,0.32,775.66749,6.65372393608613,1.63684870723123
"61","LC","C",8,38.24234,0,18.708555,314.0567,0,202.744775,21.102415,43.86311,0,9.4635,156.551325,0,30.133955,2.75794,638.717895,159.309265,798.02716,6.6809673188554,4.9377244115502,6.44278385564621,0.235,638.717895,6.44278385564621,1.64830944294842
"62","LC","C",10,19.05222,0,7.46026,112.92776,0,329.91315,18.795905,9.01992,8.149815,9.65109,41.101265,7.17916,59.810185,44.02903,505.31903,85.130295,590.449325,6.3628468085413,4.44410847578596,6.19992031401197,0.2,505.31903,6.19992031401197,1.57124478719681
"63","LC","CW",1,44.77148,0,21.27059,280.658675,0,129.987005,42.56778,13.47441,9.44319,9.193045,43.59665,0,49.42428,34.279795,542.17313,77.876445,620.049575,6.41858247623496,4.31807638471295,6.28680303801829,0.075,542.17313,6.28680303801829,1.67443351772952
"64","LC","CW",3,41.48827,0,0,298.67767,0,304.50839,15.77964,23.44389,0,23.12212,184.47427,7.02239,21.48222,0,683.89786,184.47427,868.37213,6.76662034398383,5.21750999576083,6.52780857898671,0.15,683.89786,6.52780857898671,1.6290224047105
"65","LC","CW",8,46.48981,0,14.949035,330.594025,4.923155,262.21608,17.918245,47.85472,0,14.48045,249.54233,15.298175,57.670885,8.42649,724.94507,257.96882,982.91389,6.89029986229458,5.43197095516755,6.57671221811859,0.22,724.94507,6.57671221811859,1.8046657638047
"66","LC","CW",10,45.84322,0,13.90641,479.02588,17.9937,183.12926,10.44307,4.833195,4.62451,11.37676,276.20898,0,41.756305,26.105675,759.799245,302.314655,1062.1139,6.9478202774029,5.53400420555011,6.63121195318379,0.35,759.799245,6.63121195318379,1.36402441409003
"67","LV1","C",4,0,0,198.04428,38.0809,44.98935,1562.80798,10.96738,254.03065,96.28424,25.33951,142.88864,11.83472,19.8246,6.28223,2205.20478,149.17087,2354.37565,7.76403085452803,5.00509242742074,7.69857565431702,0.15,2205.20478,7.69857565431702,1.31275993032777
"68","LV1","C",9,0,0,135.64213,13.27898,20.865365,1481.31903,0,132.16763,14.77233,20.28741,230.181375,36.76629,60.664505,4.12088,1798.045465,234.302255,2032.34772,7.61206791950537,4.63778816280052,7.49443996724824,0.235,1798.045465,7.49443996724824,1.12287607025045
"69","LV1","C",10,12.44049,0,33.206735,169.271805,5.63326,483.46955,30.265515,41.962675,8.140705,19.594595,31.39612,0,43.664025,27.996325,784.390735,59.392445,843.78318,6.7090769374873,4.00841369308841,6.62317755891079,0.225,784.390735,6.62317755891079,1.28661743111554
"70","LV1","C",13,0,0,25.35601,13.268455,5.15293,1004.683835,0,53.062725,16.458175,45.92345,10.19006,0,44.61891,31.519465,1117.98213,41.709525,1159.691655,7.04164530421727,3.57915619397909,7.00713995312317,0.28,1117.98213,7.00713995312317,0.888044294948188
"71","LV1","C",14,0,0,19.73882,33.341545,0,943.21106,31.31304,31.4003,7.231835,20.66412,5.04465,40.756635,65.98047,42.640615,1066.2366,47.685265,1113.921865,7.01563322053539,3.86430165130355,6.97188503970395,0.195,1066.2366,6.97188503970395,0.972220008304025
"72","LV1","C",19,0,0,52.74758,22.654635,10.4572,1130.61856,0,89.775675,12.23843,19.815165,20.89814,3.783605,18.787725,22.622205,1318.49208,43.520345,1362.012425,7.19995766866383,3.7648060674526,7.16549850318317,0.215,1318.49208,7.16549850318317,0.844427090111404
"73","LV1","CW",9,0,0,42.09427,19.80552,0,807.17084,0,47.87488,16.55035,30.5792,34.62925,54.00973,40.72995,4.337215,933.49586,38.966465,972.462325,6.8746110666411,3.59257767612806,6.83152909603086,0.255,933.49586,6.83152909603086,1.22541411760509
"74","LV1","CW",10,0,54.947185,73.141135,11.79222,6.05955,683.5412,0,52.480505,7.186265,31.59237,47.373925,18.551665,62.66341,43.59454,889.14806,90.968465,980.116525,6.86436014657329,4.47353582459839,6.7545428859339,0.195,889.14806,6.7545428859339,1.3796468437225
"75","LV1","CW",13,10.597775,0,49.655255,246.40263,0,1328.91592,74.344225,11.01953,30.587015,31.56794,105.5012,58.461685,127.12084,8.244135,1751.52235,113.745335,1865.267685,7.5091133220038,4.69882876593919,7.44693162270491,0.21,1751.52235,7.44693162270491,1.37097365953299
"76","LV1","CW",14,0,0,39.4657,24.865,0,1640.246765,0,54.050345,34.294655,31.642855,93.90675,63.039475,95.97398,21.425795,1792.922465,115.332545,1908.25501,7.54781278183768,4.70845601779219,7.48237773429641,0.18,1792.922465,7.48237773429641,1.03649145664215
"77","LV1","CW",19,55.643505,0,37.56245,119.7314,0,565.58541,17.855645,54.773425,6.558705,22.140045,18.482685,6.29584,70.7731,24.66809,857.71054,43.150775,900.861315,6.64266841773131,3.75899922370108,6.57783887559838,0.165,857.71054,6.57783887559838,1.30973673827179
"78","LV2","C",2,0,60.65445,12.435915,12.386305,28.995025,736.921765,0,0,0,19.482675,34.00502,5.803015,27.99042,49.650265,851.39346,83.655285,935.048745,6.81396717777675,4.28149728358258,6.72629694313587,0.205,851.39346,6.72629694313587,1.03349344233567
"79","LV2","C",4,0,0,16.15219,0,0,222.50514,0,0,26.86708,9.65696,191.46414,0,73.65251,33.36773,265.52441,224.83187,490.35628,6.19513222893486,5.41535287843369,5.58170677619214,0.07,265.52441,5.58170677619214,1.47522302361767
"80","LV2","C",5,12.619305,0,33.601805,18.486695,0,400.51278,19.95603,33.77772,25.73667,28.835145,8.956735,23.92679,67.376185,7.44614,544.691005,16.402875,561.09388,6.31398623391075,2.49064016775213,6.27925164553163,0.19,544.691005,6.27925164553163,1.49171227147604
"81","LV2","C",8,0,0,72.229565,35.65684,7.42696,969.94211,29.491805,35.171235,8.453845,24.46117,16.06383,5.508995,17.521395,21.12177,1158.37236,37.1856,1195.55796,7.08282994649679,3.56033452940227,7.05003628425072,0.15,1158.37236,7.05003628425072,0.949803294844991
"82","LV2","C",9,0,0,0,19.4637,0,880.19733,0,0,0,9.70947,31.84776,39.89124,42.34639,47.94014,899.66103,79.7879,979.44893,6.88699009717897,4.37937186388623,6.80201805904683,0.14,899.66103,6.80201805904683,0.770668785566959
"83","LV2","C",10,0,0,86.14952,410.063615,29.64451,1281.410035,0,104.650885,14.213275,11.020425,36.452395,5.61328,46.03522,37.494765,1926.13184,73.94716,2000.079,7.41550341167848,4.28487157657856,7.35351603366352,0.135,1926.13184,7.35351603366352,0.760971868431988
"84","LV2","CW",2,0,93.3841,29.736405,7.36923,16.30261,640.470245,0,12.23259,0,14.495295,50.97339,10.171125,33.09919,18.116015,799.49518,69.089405,868.584585,6.76260205119257,4.20465062056806,6.67658046368592,0.24,799.49518,6.67658046368592,1.14752680394942
"85","LV2","CW",4,0,0,54.443845,29.289355,17.963255,1322.82782,0,93.979075,12.298115,26.549325,230.296805,0,37.337715,8.69168,1530.801465,238.988485,1769.78995,7.47408136736137,5.02118088209058,7.33348794002858,0.19,1530.801465,7.33348794002858,1.01095251283783
"86","LV2","CW",5,0,0,14.73717,29.81849,22.57539,1291.36865,0,82.2834,0,16.93958,138.07335,0,26.43872,9.51271,1440.7831,147.58606,1588.36916,7.37046308330432,4.99441146326177,7.27294206419828,0.18,1440.7831,7.27294206419828,0.923197599616293
"87","LV2","CW",8,0,0,18.98049,69.888245,12.74967,1291.814665,45.493605,8.670925,11.80719,42.559995,30.375015,0,119.771275,16.56926,1459.40479,46.944275,1506.349065,7.29123455054238,3.3167438097334,7.26383949742166,0.075,1459.40479,7.26383949742166,0.969811138104497
"88","LV2","CW",9,81.34578,0,38.187795,506.03446,0,484.453615,15.34881,71.640105,46.53925,23.346565,255.63559,5.016475,104.6146,14.303135,1243.549815,269.938725,1513.48854,7.28239260186548,5.36974433854821,7.10423369130835,0.14,1243.549815,7.10423369130835,1.63693946355369
"89","LV2","CW",10,0,0,13.56444,35.519345,0,397.747375,9.93582,20.08857,12.989235,16.388745,72.68103,0,35.607695,28.99908,489.844785,101.68011,591.524895,6.380948472935,4.58770141270638,6.19392354532335,0.195,489.844785,6.19392354532335,1.30131692716883
"90","MtSH","C",9,0,0,0,12.11329,0,401.80206,0,6.55912,10.7907,14.64653,0,0,12.73926,5.05331,431.26517,5.05331,436.31848,6.07837243540951,1.62004347412121,6.06672314453847,0.15,431.26517,6.06672314453847,0.624253873638043
"91","MtSH","CW",9,0,0,9.196845,18.928825,0,470.50062,13.24422,0,4.289425,24.37985,38.97515,0,24.86037,36.383885,516.159935,75.359035,591.51897,6.32354248891888,4.07634159102685,6.11930547087239,0.205,516.159935,6.11930547087239,1.11377930419138
"92","RB","C",1,17.10553,0,34.694785,65.523965,0,589.17086,13.004685,30.92146,7.293035,15.443,16.83795,47.24177,53.093965,14.608665,757.71432,31.446615,789.160935,6.58026181724439,3.31545465295997,6.54112393456288,0.165,757.71432,6.54112393456288,1.38612934935035
"93","RB","C",12,40.12482,0,22.687645,662.23669,0,109.003215,19.81597,0,10.36203,11.296825,184.109135,0,46.02346,25.85184,864.23037,209.960975,1074.191345,6.85414887920535,5.10929509412177,6.65667879301744,0.13,864.23037,6.65667879301744,1.40114133117465
"94","RB","C",20,74.48711,0,0,46.47591,0,22.2262,66.21845,0,0,7.85904,50.15068,0,15.1502,0,209.40767,50.15068,259.55835,5.55898153282107,3.91503207363805,5.3442829262279,0.25,209.40767,5.3442829262279,1.75172528466489
"95","RB","CW",1,26.38063,0,18.50758,36.65122,0,67.4339,0,0,0,0,39.69078,0,17.7727,9.97253,148.97333,49.66331,198.63664,5.2914772260347,3.90526643110084,5.00376729663566,0.51,148.97333,5.00376729663566,1.86686287483074
"96","RB","CW",12,24.434755,0,15.15684,96.67511,6.73585,268.45463,12.063455,0,0,12.05615,169.17997,0,51.32043,36.3345,423.52064,205.51447,629.03511,6.38336182742081,5.128578351118,6.02243791819289,0.18,423.52064,6.02243791819289,1.48580967185851
"97","RB","CW",20,47.78919,0,0,150.81149,0,51.88091,58.44532,0,0,10.94036,10.09426,0,20.81754,0,308.92691,10.09426,319.02117,5.76525746421924,2.31196694546231,5.73310471170158,0.11,308.92691,5.73310471170158,1.71558025508382
"98","SC","C",7,26.043795,0,0,737.362445,7.9125,13.946055,12.75649,0,0,13.65088,13.66844,0,45.258015,27.132785,798.021285,40.801225,838.82251,6.65624062374215,3.70865673726158,6.59747276783098,0.075,798.021285,6.59747276783098,0.851181737321178
"99","SC","C",18,73.735615,0,0,385.666455,0,8.409405,65.82739,0,61.07989,18.417385,16.136005,7.856795,29.604095,17.830765,594.718755,33.96677,628.685525,6.44264417055896,3.30299574845286,6.3847837247134,0.065,594.718755,6.3847837247134,1.42855359486417
"100","SC","C",19,19.28954,0,0,495.041775,0,11.35335,51.91759,0,0,9.54595,8.96048,0,26.468225,65.114635,577.602255,74.075115,651.67737,6.46777486702001,4.27380704014765,6.34890998999769,0.125,577.602255,6.34890998999769,1.02147352732249
"101","SC","C",20,45.531905,0,0,418.858915,0,0,39.42318,0,0,10.79721,23.62215,0,13.61848,6.54662,503.814,30.16877,533.98277,6.28031365703107,3.40680614155242,6.22215203382349,0.16,503.814,6.22215203382349,0.945199441779955
"102","SC","CW",7,73.33317,0,0,416.96124,0,23.42427,44.18832,0,0,6.89831,107.3946,6.83632,31.03981,20.023125,557.907,127.417725,685.324725,6.52269054981799,4.81438040928293,6.32020659303098,0.145,557.907,6.32020659303098,1.45551821475636
"103","SC","CW",18,45.15047,0,0,1105.977965,0,24.49741,47.711465,0,7.316015,8.27618,37.423385,0,33.358885,6.204655,1230.653325,43.62804,1274.281365,7.1493834285386,3.76906539982383,7.11431954605181,0.11,1230.653325,7.11431954605181,0.748197955348292
"104","SC","CW",19,84.52549,0,0,705.7106,0,39.20021,68.832245,0,4.52264,14.54254,43.733015,6.655065,29.41169,4.4249,902.791185,48.157915,950.9491,6.85741233598827,3.62768923736223,6.80453829305926,0.1,902.791185,6.80453829305926,1.16694579775584
"105","SC","CW",20,49.37649,30.79262,0,427.9448,0,460.02368,48.42443,0,6.13023,16.59088,47.9857,3.2669,36.1909,5.1569,1022.69225,53.1426,1075.83485,6.98074805781843,3.91694950269166,6.93019238586078,0.145,1022.69225,6.93019238586078,0.979552766797018
"106","SQ1","C",2,14.278125,44.654605,0,710.311755,22.290325,338.686515,10.930135,26.52516,4.23319,19.716215,72.824145,0,32.621275,6.76124,1171.90981,79.585385,1251.495195,7.1271466866388,4.37147998389236,7.06146920943195,0.215,1171.90981,7.06146920943195,1.15124394875318
"107","SQ1","C",3,0,0,0,15.55797,0,1211.64844,0,0,12.60147,21.25885,64.34612,12.6978,51.1538,12.57433,1239.80788,76.92045,1316.72833,7.18290540104182,4.34277177093748,7.12271171111147,0.09,1239.80788,7.12271171111147,0.628987540181069
"108","SQ1","C",5,20.21799,0,0,926.49908,32.12833,15.49473,0,0,0,23.98918,23.43798,0,34.92746,0,994.34013,23.43798,1017.77811,6.92537720675112,3.15435778352092,6.90207933122388,0.2,994.34013,6.90207933122388,0.64903777230733
"109","SQ1","C",7,0,0,0,885.31683,25.44355,10.32493,0,8.46953,0,11.86886,17.68009,0,17.72002,56.28209,929.55484,73.96218,1003.51702,6.91126612873033,4.30355388147664,6.83470580488318,0.32,929.55484,6.83470580488318,0.658119766002501
"110","SQ1","CW",2,0,0,0,536.27502,0,0,0,0,0,9.96828,112.18395,0,21.18388,5.08049,536.27502,117.26444,653.53946,6.48240291379679,4.76443155539367,6.28464712649646,0.31,536.27502,6.28464712649646,0.77916119440397
"111","SQ1","CW",3,0,0,32.568145,0,17.646215,439.52457,0,18.094965,0,29.137135,28.4894,4.543495,25.5807,11.004245,507.833895,39.493645,547.32754,6.04303972846438,3.41806857081854,5.96783833257106,0.24,507.833895,5.96783833257106,1.22601447833712
"112","SQ1","CW",5,40.03468,0,0,416.20627,0,0,45.6015,0,0,11.50203,19.64931,0,76.62127,46.97392,501.84245,66.62323,568.46568,6.34294094197515,4.19905331552898,6.21828622581069,0.4,501.84245,6.21828622581069,1.26001471905028
"113","SQ1","CW",7,24.56913,0,0,1030.09973,24.66764,10.05993,25.39242,0,0,9.49866,271.70328,0,24.44686,13.68915,1114.78885,285.39243,1400.18128,7.24435699293508,5.65386518051437,7.01642029376373,0.21,1114.78885,7.01642029376373,0.945666867736696
"114","SQ2","C",9,13.74598,0,0,1635.01245,80.51949,18.9896,7.17208,18.96675,11.20803,13.6157,212.12047,0,21.82156,0,1785.61438,212.12047,1997.73485,7.59976924269434,5.35715436799342,7.48751782546998,0.16,1785.61438,7.48751782546998,0.826512335127507
"115","SQ2","C",12,26.399755,0,0,851.91806,51.85433,17.063495,14.536085,11.611725,11.787415,24.298535,68.220915,0,38.09267,3.351495,985.170865,71.57241,1056.743275,6.92100168454798,3.6459956523695,6.86240398117705,0.14,985.170865,6.86240398117705,1.02586448993759
"116","SQ2","C",14,65.291405,0,42.420515,633.601745,22.50662,54.820195,0,26.94216,0,16.9676,195.66465,0,34.39073,14.15545,845.58264,209.8201,1055.40274,6.81265893090985,5.34624561909591,6.48418248198119,0.13,845.58264,6.48418248198119,1.42956411288213
"117","SQ2","C",15,20.800295,0,0,768.2238,17.494545,6.50091,0,18.625815,4.35753,5.343245,169.17188,0,23.426255,26.135345,836.002895,195.307225,1031.31012,6.85040874555021,5.11400865646799,6.65347061502807,0.17,836.002895,6.65347061502807,0.927103593657379
"118","SQ2","C",17,0,0,6.742925,23.752735,38.776925,1080.161835,0,56.10705,7.01755,39.55716,23.439715,51.358965,63.980155,50.77152,1212.55902,74.211235,1286.770255,7.14174748616718,4.1641199773156,7.08585628534296,0.28,1212.55902,7.08585628534296,1.01425441409234
"119","SQ2","C",18,20.348265,0,0,704.78015,0,0,8.91581,22.979585,0,28.865385,56.48317,0,38.363935,28.814195,757.02381,85.297365,842.321175,6.70593658949788,4.44301145490561,6.58906053508735,0.28,757.02381,6.58906053508735,0.896022623080274
"120","SQ2","C",20,49.72086,0,0,1104.99774,35.930205,16.498995,4.25588,12.87038,8.112095,6.748245,298.127655,8.30303,21.56209,6.811285,1232.386155,304.93894,1537.325095,7.32466573087113,5.37044294797743,7.11638614025929,0.21,1232.386155,7.11638614025929,0.975558071899628
"121","SQ2","CW",9,19.69787,0,0,748.843445,14.67161,23.01941,13.407805,4.463555,3.95875,12.687055,11.476135,6.731195,17.58741,8.446055,828.062445,19.92219,847.984635,6.71644039418767,2.82863180723096,6.69436715128409,0.22,828.062445,6.69436715128409,0.697142176529459
"122","SQ2","CW",12,14.696405,19.136145,8.264185,307.91026,17.122115,226.246825,0,0,10.122155,20.895945,122.91984,22.42253,60.331025,8.960245,603.49809,131.880085,735.378175,6.57316074629637,3.90521771824498,6.39968646648046,0.3,603.49809,6.39968646648046,1.27010086948611
"123","SQ2","CW",14,47.003935,0,0,1085.090425,33.538575,13.501085,4.86088,11.819575,0,39.07312,33.5825,22.803425,58.624025,11.51321,1195.814475,45.09571,1240.910185,7.09799835746079,3.80446168401786,7.05980837703813,0.24,1195.814475,7.05980837703813,0.926602959115017
"124","SQ2","CW",15,76.489755,0,0,730.393735,42.34972,0,8.547335,7.632685,0,22.00215,111.737855,8.301345,33.31865,4.836685,865.41323,116.57454,981.98777,6.8821238794844,4.65727675190363,6.75996738151102,0.28,865.41323,6.75996738151102,1.07066144302509
"125","SQ2","CW",17,38.98315,0,0,97.11104,0,52.45895,39.98735,0,0,9.68906,16.04176,0,63.89079,56.08852,228.54049,72.13028,300.67077,5.7060158787515,4.27847392838799,5.43171339376108,0.32,228.54049,5.43171339376108,1.91586360199033
"126","SQ2","CW",18,0,0,0,741.13998,0,77.507925,21.782065,13.29156,3.4214,15.40108,273.84844,0,41.760715,4.50103,857.14293,278.34947,1135.4924,6.97496412629809,4.75046880213277,6.74228962694051,0.19,857.14293,6.74228962694051,1.07695800118298
"127","SQ2","CW",20,16.17048,28.117365,0,1296.835235,26.40389,146.929295,3.93886,22.45608,10.00916,32.116125,258.72312,6.03302,43.06314,8.326975,1550.860365,267.050095,1817.91046,7.45889153349168,5.58489915190657,7.27643619001246,0.215,1550.860365,7.27643619001246,1.20818610408585
"128","TFC","C",2,45.169345,0,39.04708,53.13191,0,140.954505,10.8401,0,0,14.0899,109.503865,0,24.01097,30.45387,289.14294,139.957735,429.100675,6.05980951183949,4.90892453736244,5.66646152085693,0.25,289.14294,5.66646152085693,1.78242160593393
"129","TFC","C",3,64.539625,0,7.40086,471.9705,10.429955,44.62031,0,0,5.617715,28.97339,102.208135,0,87.82279,9.68093,604.578965,111.889065,716.46803,6.33137368790125,4.71667814488003,6.00344903755672,0.26,604.578965,6.00344903755672,1.47643684292626
"130","TFC","CW",1,16.99352,0,27.65107,112.77805,0,416.3038,29.85018,0,23.95439,9.16117,74.94034,0,68.96446,38.56384,627.53101,113.50418,741.03519,6.60804811404702,4.73183966443715,6.44179308811159,0.29,627.53101,6.44179308811159,1.65699212225041
"131","TFC","CW",2,36.46841,0,19.745235,153.865265,0,206.461685,16.504505,17.576735,0,13.64307,76.066975,40.204875,81.121395,5.205475,450.621835,81.27245,531.894285,6.24552744911933,4.19469128208185,6.02663204282635,0.335,450.621835,6.02663204282635,1.86090703313392
"132","TFC","CW",3,0,0,27.81493,35.73802,0,387.09464,15.39573,0,25.14973,12.71755,268.4971,0,55.23009,27.0403,491.19305,295.5374,786.73045,6.66788568657317,5.68879539398128,6.19683722771003,0.44,491.19305,6.19683722771003,1.49167789807657
"133","TM2","C",3,0,0,66.72554,0,0,572.05267,0,0,0,23.39224,609.94281,0,74.41832,22.00725,638.77821,631.95006,1270.72827,7.14734545604309,6.44881037203735,6.45955730492626,0.28,638.77821,6.45955730492626,1.16638225511513
"134","TM2","C",4,0,0,0,68.07956,0,354.73969,12.11014,0,7.33754,14.80138,0,0,48.42652,20.99249,442.26693,20.99249,463.25942,6.13828719955128,3.04416475471486,6.09191361382216,0.29,442.26693,6.09191361382216,1.12523125722173
"135","TM2","C",5,15.18536,0,0,106.26087,0,674.63892,76.06673,0,8.4068,29.15818,45.84792,48.0951,67.07842,9.34602,880.55868,55.19394,935.75262,6.84135114667375,4.0108531646478,6.78055656966795,0.11,880.55868,6.78055656966795,1.39056736527687
"136","TM2","C",6,28.92895,0,0,286.65445,0,20.02888,89.06741,0,0,21.8376,0,0,17.8236,0,424.67969,0,424.67969,6.05133521418372,-Inf,6.05133521418372,0.13,424.67969,6.05133521418372,1.1919250135827
"137","TM2","C",7,0,0,20.96597,0,0,666.88116,0,32.77559,0,24.19585,0,0,16.54038,10.13019,720.62272,10.13019,730.75291,6.59407538619348,2.31552007425449,6.58011572709811,0.24,720.62272,6.58011572709811,0.605980572478147
"138","TM2","C",9,0,0,39.562665,6.130125,9.190275,507.999775,0,28.813885,0,8.032005,16.647995,0,30.168185,74.573175,591.696725,91.22117,682.917895,6.52441538296214,4.50620450872918,6.38153981429851,0.16,591.696725,6.38153981429851,1.02976624745478
"139","TM2","C",10,48.03829,0,40.8866,143.43022,0,300.46194,0,0,0,8.2824,24.97082,0,19.5652,0,532.81705,24.97082,557.78787,6.32397872881137,3.21770794315977,6.27817811946492,0.36,532.81705,6.27817811946492,1.47098242083362
"140","TM2","C",11,35.386845,0,48.677745,284.251235,0,564.30081,12.93435,53.73855,10.752365,13.26148,47.76371,0,43.48068,47.253045,1010.0419,95.016755,1105.058655,6.88962106424311,4.55405320948184,6.77279285871733,0.215,1010.0419,6.77279285871733,1.3681728083747
"141","TM2","CW",3,0,0,23.92521,22.53256,0,252.46712,21.81034,0,45.06731,13.23376,0,0,29.36211,9.71622,365.80254,9.71622,375.51876,5.92830843000949,2.27379665394656,5.90209367961773,0.14,365.80254,5.90209367961773,1.4031155921646
"142","TM2","CW",4,0,0,0,0,0,442.77219,0,0,10.25578,22.71957,11.8741,7.79533,51.43486,49.16248,453.02797,61.03658,514.06455,6.24234884122778,4.11147335657298,6.11595386750632,0.34,453.02797,6.11595386750632,0.967206512055834
"143","TM2","CW",5,0,0,0,168.49442,0,458.70181,12.6022,0,10.9399,10.41641,39.56096,0,25.10294,0,650.73833,39.56096,690.29929,6.53712525717058,3.67784277339637,6.47810761055982,0.08,650.73833,6.47810761055982,1.20358802649737
"144","TM2","CW",6,0,0,0,662.06891,19.51532,0,0,0,0,27.97562,21.76685,0,67.70444,63.04531,681.58423,84.81216,766.39639,6.64169951631153,4.44043892874402,6.52441983851036,0.5,681.58423,6.52441983851036,0.88370762542199
"145","TM2","CW",7,0,0,65.694515,46.472525,18.34035,447.57564,8.21057,0,18.871055,16.713885,31.52604,0,34.542505,24.92167,605.164655,56.44771,661.612365,6.46869407314649,4.03314771104982,6.37383136563162,0.205,605.164655,6.37383136563162,1.35403995329413
"146","TM2","CW",9,0,0,24.28499,71.87613,0,465.08566,28.85888,0,31.25725,47.2929,22.02597,9.81121,131.65541,0,621.36291,22.02597,643.38888,6.46674933147248,3.09222221171513,6.43191530737582,0.23,621.36291,6.43191530737582,1.67765704784621
"147","TM2","CW",10,0,0,0,184.92499,0,467.20676,12.94427,0,8.26966,18.11184,19.06431,0,30.92433,6.78868,673.34568,25.85299,699.19867,6.5499349221656,3.2524262615769,6.51225883819269,0.18,673.34568,6.51225883819269,1.27236273923509
"148","TM2","CW",11,0,0,0,269.796155,9.67337,269.8107,11.66863,85.46634,13.708055,11.676595,250.442415,0,31.892155,21.532155,660.12325,271.97457,932.09782,6.63016291994038,4.89123098303767,6.37162813413513,0.165,660.12325,6.37162813413513,1.40155223402162
"149","WL1","C",2,0,197.08757,0,17.34886,0,638.68549,0,0,0,10.71441,52.61631,0,28.94375,35.18685,853.12192,87.80316,940.92508,6.84686351898748,4.4750974908818,6.7489024681104,0.19,853.12192,6.7489024681104,1.10281060306262
"150","WL1","C",9,0,47.43738,0,12.07771,0,1079.81763,0,0,0,11.09161,42.06924,0,24.07632,54.38713,1139.33272,96.45637,1235.78909,7.11946498429854,4.56909078175358,7.03819803668078,0.31,1139.33272,7.03819803668078,0.669622171718528
"151","WL1","C",11,0,21.76838,0,404.249665,0,223.55757,7.0667,0,0,20.674165,10.111645,0,31.89774,85.39969,656.642315,95.511335,752.15365,6.61715420424384,3.76004107347109,6.45412237926975,0.105,656.642315,6.45412237926975,0.760244990043569
"152","WL1","CW",2,24.61815,0,0,117.79003,0,461.59506,79.61486,0,0,36.78617,0,11.78513,58.32275,14.191,683.6181,14.191,697.8091,6.5479455696536,2.6526079608524,6.52739942836312,0.23,683.6181,6.52739942836312,1.39995270604766
"153","WL1","CW",9,0,87.17975,0,0,19.770575,856.363555,0,3.62338,0,6.90565,123.364365,3.793715,19.19568,4.191005,966.93726,127.55537,1094.49263,6.95090089996973,4.6033511702394,6.77624408475591,0.26,966.93726,6.77624408475591,0.828522396927446
"154","WL1","CW",11,0,208.3349,0,31.59771,39.38322,1385.17761,0,0,15.64503,45.97405,194.74316,0,19.66807,0,1680.13847,194.74316,1874.88163,7.53630080574502,5.27168156218285,7.4266314916198,0.12,1680.13847,7.4266314916198,1.05341473799303
"155","WL2","C",1,0,129.10197,0,0,14.13412,630.24976,0,0,0,10.64434,69.08279,0,9.18423,6.63065,773.48585,75.71344,849.19929,6.74429389374773,4.32695568761715,6.65090737637456,0.15,773.48585,6.65090737637456,0.923739640854882
"156","WL2","C",10,0,50.922505,20.889365,0,5.393745,495.563645,0,0,0,8.210895,23.157515,0,11.19741,5.185735,572.76926,28.34325,601.11251,6.38247803313215,3.33032230200123,6.33406364604685,0.23,572.76926,6.33406364604685,0.807693146614946
"157","WL2","C",11,0,38.957735,70.33969,7.562755,0,514.89772,0,46.11225,7.678125,8.94137,42.061035,0,24.345935,21.186165,685.548275,63.2472,748.795475,6.59455906598609,4.07530737297506,6.50932999263525,0.12,685.548275,6.50932999263525,1.18973617083496
"158","WL2","C",12,0,73.22379,0,0,0,469.9339,0,0,0,28.35636,30.21982,0,15.17581,9.75975,543.15769,39.97957,583.13726,6.36842259603225,3.68836857363673,6.29739968293106,0.27,543.15769,6.29739968293106,0.907900349204542
"159","WL2","CW",1,0,0,44.27076,17.25258,0,146.90495,0,34.13763,62.79377,31.76365,0,10.44703,70.39075,29.74275,305.35969,29.74275,335.10244,5.81443627612529,3.39258540481359,5.72149039324128,0.13,305.35969,5.72149039324128,1.93810025416312
"160","WL2","CW",10,0,138.22919,49.04897,11.14028,0,190.21606,0,0,22.19391,23.0381,286.64935,0,21.83677,0,410.82841,286.64935,697.47776,6.54747062788251,5.65825969177812,6.01817563340411,0.19,410.82841,6.01817563340411,1.58830175039788
"161","WL2","CW",11,28.391025,82.33399,44.79641,24.60906,21.80582,283.71192,13.78,0,4.63635,31.616475,62.75921,7.853935,67.13347,26.224585,504.064575,88.983795,593.04837,6.38219836581172,3.62882194006535,6.18987292813159,0.3,504.064575,6.18987292813159,1.74597283991942
"162","WL2","CW",12,0,90.1351,0,16.15734,14.50384,658.7818,0,0,20.96882,31.78862,104.72943,0,60.89448,0,800.5469,104.72943,905.27633,6.80824023411064,4.65138016720364,6.6852951191028,0.26,800.5469,6.6852951191028,1.21775288558995
"163","WL3","C",1,0,0,0,58.73165,0,280.0354,13.85468,10.02432,9.65252,17.99688,0,0,112.41267,14.72027,372.29857,14.72027,387.01884,5.95847337401539,2.68922545552382,5.91969613988284,0.16,372.29857,5.91969613988284,1.37663906349678
"164","WL3","C",14,8.83939,0,33.13004,43.59981,12.807465,468.922745,13.253905,5.12539,15.96515,4.48179,31.85768,0,36.47856,41.64962,601.643895,73.5073,675.151195,6.47872107529515,4.2897362753896,6.34856998985818,0.135,601.643895,6.34856998985818,1.29142955607894
"165","WL3","CW",1,0,0,78.79494,0,26.85981,1023.58588,0,71.50494,35.35194,25.89827,40.50755,0,47.8175,73.94879,1236.09751,114.45634,1350.55385,7.20827004655841,4.74019344023347,7.11971452649162,0.32,1236.09751,7.11971452649162,1.1560117903125
"166","WL3","CW",14,0,224.06863,35.42372,13.48699,11.55882,442.8111,0,0,0,9.25884,396.36249,0,34.86601,9.57318,727.34926,405.93567,1133.28493,7.03287571220057,6.00619469877162,6.58940677482705,0.29,727.34926,6.58940677482705,1.43349465548817
"167","YO10","C",5,0,0,0,156.531715,0,633.72211,8.64142,19.94497,5.97467,5.61228,103.40667,0,41.750385,54.70106,824.814885,158.10773,982.922615,6.777035470569,5.05955024445026,6.55717431419688,0.325,824.814885,6.55717431419688,1.06489499009478
"168","YO10","CW",5,0,0,14.76747,18.96481,0,760.782255,14.02397,0,28.134585,6.57557,54.064205,0,52.80513,43.983435,836.67309,98.04764,934.72073,6.82804738785093,4.54401435301347,6.70764358162814,0.355,836.67309,6.70764358162814,0.960029703757797
"169","YOSE8","C",1,125.41475,0,0,430.68674,0,0,115.58228,0,0,0,12.06741,0,39.67817,14.24169,671.68377,26.3091,697.99287,6.54820888781049,3.26991488694145,6.50978764940832,0.17,671.68377,6.50978764940832,1.20653941689288
"170","YOSE8","C",5,41.83135,0,17.107135,145.82444,0,220.78195,36.390825,0,7.607175,13.269775,15.63132,0,59.411125,72.566765,469.542875,88.198085,557.74096,6.23007803310811,4.46733590548488,6.03165992890896,0.205,469.542875,6.03165992890896,1.59816844840433
"171","YOSE8","CW",1,44.99855,0,0,253.67984,0,41.04061,0,87.95624,11.72419,8.11348,15.67885,16.52942,25.52154,7.914,439.39943,23.59285,462.99228,6.13771038008113,3.16094370002637,6.08540886272618,0.09,439.39943,6.08540886272618,1.64878185333934
"172","YOSE8","CW",5,0,0,24.617865,5.99046,7.87498,462.61821,0,12.366485,9.156515,10.950565,95.79354,0,19.13938,5.689085,522.624515,101.482625,624.10714,6.37252247163928,4.36791971843362,6.21457448962715,0.18,522.624515,6.21457448962715,0.941019323460269
