"","Population","treatment","mf","biomass","X3MSO","OHAlkenyl","X4MSO","Allyl","X5MSO","Butenyl","X3MT","MSOO","OHI3M","X4MT","Flavonol16","I3M","Flavonol17","Flavonol18","Indole","totalaliphatic","totalindole","totalGSL","totalflavonoid","logGSL","logindoles","logaliphatics","logflavonoids","shannon_diversity","cwd","ppt","pck","tmin","tmax","elevation","str","avg_growing_season","contemporary_PC1","contemporary_PC2","historic_PC1","historic_PC2"
"1","BH","C",5,0.32,0,0,30.20579,27.18941,0,1531.9071,0,31.33564,0,14.41383,16.79689,88.85563,26.43199,50.44066,28.72253,1635.05177,117.57816,1752.62993,93.66954,7.46887275596081,4.76710330393178,7.39942974643863,4.53977305635172,0.804037524866918,27953.0299186707,17870.0900488012,0,8.6922043134929,23.5017741957018,511.4294422,131320.160583496,10.8333333333333,-2.89325512095044,1.01507186067101,-3.02254993641818,0.843054151490829
"2","BH","C",7,0.07,0,0,28.57827,15.48263,0,981.41779,0,57.59153,0,8.42368,30.31212,24.25251,0,17.59289,7.68715,1091.4939,31.93966,1123.43356,47.90501,7.02414495325013,3.46384849777091,6.9953025873349,3.86922009184929,0.750500072589879,27953.0299186707,17870.0900488012,0,8.6922043134929,23.5017741957018,511.4294422,131320.160583496,10.8333333333333,-2.89325512095044,1.01507186067101,-3.02254993641818,0.843054151490829
"3","BH","C",9,0.19,14.81113,0,0,359.88889,0,29.24652,31.3145,8.4459,0,0,13.86213,11.20167,0,28.27715,9.8219,443.70694,21.02357,464.73051,42.13928,6.14145768919718,3.04564418927721,6.09516429946155,3.74098032232595,1.17132132674564,27953.0299186707,17870.0900488012,0,8.6922043134929,23.5017741957018,511.4294422,131320.160583496,10.8333333333333,-2.89325512095044,1.01507186067101,-3.02254993641818,0.843054151490829
"4","BH","C",17,0.16,0,0,0,61.40265,0,423.57709,0,0,0,0,20.98177,0,19.16614,158.01237,7.24828,484.97974,7.24828,492.22802,198.16028,6.19894206441463,1.98076419934109,6.18410711686908,5.2890761981797,1.10594531463058,27953.0299186707,17870.0900488012,0,8.6922043134929,23.5017741957018,511.4294422,131320.160583496,10.8333333333333,-2.89325512095044,1.01507186067101,-3.02254993641818,0.843054151490829
"5","BH","CW",5,0.17,24.27959,0,0,522.35645,0,132.97873,34.1317,0,10.07574,0,26.90035,101.96323,0,48.74755,28.0017,713.74647,140.04067,853.78714,75.6479,6.749681912135,4.94193288042235,6.57052781524871,4.32608968043069,1.47275323248137,27953.0299186707,17870.0900488012,0,8.6922043134929,23.5017741957018,511.4294422,131320.160583496,10.8333333333333,-2.89325512095044,1.01507186067101,-3.02254993641818,0.843054151490829
"6","BH","CW",7,0.11,0,120.30284,60.8937,0,0,168.03502,0,0,0,0,11.46307,198.63205,0,40.09261,19.01385,349.23156,217.6459,566.87746,51.55568,6.34014316044102,5.3828694302376,5.85573519788847,3.94266238868023,1.62389959389138,27953.0299186707,17870.0900488012,0,8.6922043134929,23.5017741957018,511.4294422,131320.160583496,10.8333333333333,-2.89325512095044,1.01507186067101,-3.02254993641818,0.843054151490829
"7","BH","CW",9,0.1,31.43873,0,0,599.22467,0,20.49561,51.01878,45.06938,7.35133,12.11376,13.5891,107.96035,0,44.0093,12.86921,759.36093,128.18089,887.54182,57.5984,6.78845564136617,4.85344246941287,6.6324771979622,4.05349478953826,1.39162875729861,27953.0299186707,17870.0900488012,0,8.6922043134929,23.5017741957018,511.4294422,131320.160583496,10.8333333333333,-2.89325512095044,1.01507186067101,-3.02254993641818,0.843054151490829
"8","BH","CW",17,0.22,30.74951,0,29.59467,61.65189,0,210.37416,20.43958,0,0,12.64296,10.44502,13.85369,0,35.85932,34.28445,365.45277,48.13814,413.59091,46.30434,6.02487734519642,3.87407479430063,5.90113705059394,3.83523569320028,1.80569888249149,27953.0299186707,17870.0900488012,0,8.6922043134929,23.5017741957018,511.4294422,131320.160583496,10.8333333333333,-2.89325512095044,1.01507186067101,-3.02254993641818,0.843054151490829
"9","CP2","C",1,0.215,0,0,83.63922,0,24.178985,684.48727,0,14.58521,0,8.496855,23.29688,37.102095,10.95885,17.81433,28.779345,815.38754,65.88144,881.26898,52.07006,6.7773247293046,4.08291858970801,6.69486273600666,3.9343472922132,1.06447481379469,23132.8300876617,38781.1799707357,73901.1400728226,1.03360215648608,13.3947849449932,2244.132886,161978.220123291,7.35483870967742,1.88321710218922,0.241788680536442,1.87772915599776,0.252083344368644
"10","CP2","C",2,0.41,0,0,62.515765,0,21.39421,720.980405,0,12.586545,0,13.58812,66.21452,61.10425,32.66856,47.69637,3.516405,831.065045,64.620655,895.6857,146.57945,6.79607497089829,4.15861145667327,6.72153671308883,4.92847212209908,1.19939511655016,23132.8300876617,38781.1799707357,73901.1400728226,1.03360215648608,13.3947849449932,2244.132886,161978.220123291,7.35483870967742,1.88321710218922,0.241788680536442,1.87772915599776,0.252083344368644
"11","CP2","C",7,0.225,0,25.45615,0,17.161675,22.192145,1084.79129,0,53.744755,0,6.80873,22.942875,182.494475,19.26994,75.88229,19.98321,1210.154745,202.477685,1412.63243,118.095105,6.94733756363402,4.29115584989147,6.84188784302064,4.76758848163603,1.1040757949335,23132.8300876617,38781.1799707357,73901.1400728226,1.03360215648608,13.3947849449932,2244.132886,161978.220123291,7.35483870967742,1.88321710218922,0.241788680536442,1.87772915599776,0.252083344368644
"12","CP2","C",11,0.265,8.61807,0,18.48233,62.881475,14.034605,546.621905,18.892955,7.162075,0,0,14.79513,42.855985,3.9381,9.04719,4.8818,676.693415,47.737785,724.4312,27.78042,6.38062009983851,3.70058999249967,6.30939404912402,3.23956453749572,1.17894515144732,23132.8300876617,38781.1799707357,73901.1400728226,1.03360215648608,13.3947849449932,2244.132886,161978.220123291,7.35483870967742,1.88321710218922,0.241788680536442,1.87772915599776,0.252083344368644
"13","CP2","C",13,0.34,0,0,57.5823,8.127485,6.692885,349.59953,0,5.351185,0,0,27.860145,59.452825,3.46527,14.708275,19.262275,427.353385,78.7151,506.068485,46.03369,6.02495244289253,4.05987501545327,5.87133755236966,3.823196753445,1.28127888971676,23132.8300876617,38781.1799707357,73901.1400728226,1.03360215648608,13.3947849449932,2244.132886,161978.220123291,7.35483870967742,1.88321710218922,0.241788680536442,1.87772915599776,0.252083344368644
"14","CP2","C",14,0.28,0,0,54.71665,0,10.135745,260.68395,0,0,0,0,25.366725,37.38306,0,36.431605,24.41283,325.536345,61.79589,387.332235,61.79833,5.95888283169084,4.02292853462411,5.77884112229723,4.06812832968402,1.33480579207125,23132.8300876617,38781.1799707357,73901.1400728226,1.03360215648608,13.3947849449932,2244.132886,161978.220123291,7.35483870967742,1.88321710218922,0.241788680536442,1.87772915599776,0.252083344368644
"15","CP2","C",15,0.315,10.92829,0,48.127335,31.997425,13.083075,485.58435,11.92739,9.54645,0,10.438935,22.60397,88.51609,11.77931,42.693375,10.94068,621.63325,99.45677,721.09002,77.076655,6.55163159849035,4.13077379681063,6.42079291842695,4.20975328565129,1.42150443846015,23132.8300876617,38781.1799707357,73901.1400728226,1.03360215648608,13.3947849449932,2244.132886,161978.220123291,7.35483870967742,1.88321710218922,0.241788680536442,1.87772915599776,0.252083344368644
"16","CP2","C",17,0.415,30.296255,0,0,186.57904,10.69708,242.955155,12.403725,0,0,0,13.29243,15.602735,3.661485,49.555675,48.458245,482.931255,64.06098,546.992235,66.50959,6.30324148326949,4.15917298923458,6.17859911313445,4.14802063812162,1.0759949833098,23132.8300876617,38781.1799707357,73901.1400728226,1.03360215648608,13.3947849449932,2244.132886,161978.220123291,7.35483870967742,1.88321710218922,0.241788680536442,1.87772915599776,0.252083344368644
"17","CP2","CW",1,0.36,0,0,118.26564,7.264275,54.120035,1144.16455,0,16.35892,0,17.02966,26.38588,164.520045,12.290215,21.740615,3.316505,1357.20308,167.83655,1525.03963,60.41671,7.31681257310183,5.087475274478,7.20220118147463,4.05762377429965,1.07259228240233,23132.8300876617,38781.1799707357,73901.1400728226,1.03360215648608,13.3947849449932,2244.132886,161978.220123291,7.35483870967742,1.88321710218922,0.241788680536442,1.87772915599776,0.252083344368644
"18","CP2","CW",2,0.275,0,0,19.555795,6.76576,17.16566,334.620865,0,0,9.24763,5.907725,37.5386,148.573505,0,63.06415,16.43978,384.015805,174.260915,558.27672,100.60275,6.32292746272804,4.94979588705777,5.93495794743537,4.58002150282332,1.41509131468296,23132.8300876617,38781.1799707357,73901.1400728226,1.03360215648608,13.3947849449932,2244.132886,161978.220123291,7.35483870967742,1.88321710218922,0.241788680536442,1.87772915599776,0.252083344368644
"19","CP2","CW",7,0.425,0,0,38.53732,27.120805,9.93328,955.23508,0,0,0,0,23.73105,54.229075,8.837425,28.9857,9.46015,1030.826485,63.689225,1094.51571,61.554175,6.82693777052503,4.14456230216205,6.74736750278956,4.08698434255979,0.905014679802063,23132.8300876617,38781.1799707357,73901.1400728226,1.03360215648608,13.3947849449932,2244.132886,161978.220123291,7.35483870967742,1.88321710218922,0.241788680536442,1.87772915599776,0.252083344368644
"20","CP2","CW",11,0.4,0,0,51.67308,0,9.31883,642.684415,0,31.040575,0,13.28583,41.840505,16.98718,9.040545,30.582595,5.469715,748.00273,22.456895,770.459625,81.463645,6.64691536239852,2.95898990786961,6.61702150365678,4.32114524531516,0.946557444601163,23132.8300876617,38781.1799707357,73901.1400728226,1.03360215648608,13.3947849449932,2244.132886,161978.220123291,7.35483870967742,1.88321710218922,0.241788680536442,1.87772915599776,0.252083344368644
"21","CP2","CW",13,0.21,8.74158,0,25.685535,644.54065,7.698915,202.604185,0,0,0,0,12.4655,73.42716,6.879345,69.43275,34.31926,889.270865,107.74642,997.017285,88.777595,6.75596255154877,4.61840957137852,6.62725003193759,4.28035975139061,0.982386915457333,23132.8300876617,38781.1799707357,73901.1400728226,1.03360215648608,13.3947849449932,2244.132886,161978.220123291,7.35483870967742,1.88321710218922,0.241788680536442,1.87772915599776,0.252083344368644
"22","CP2","CW",14,0.325,21.82126,0,18.24293,116.94722,0,106.454705,19.75004,0,0,0,8.06443,225.389345,10.652045,67.526225,36.111195,283.216155,261.50054,544.716695,86.2427,6.24846727259941,5.092066480307,5.63902884001305,4.42855665204452,1.30943464436754,23132.8300876617,38781.1799707357,73901.1400728226,1.03360215648608,13.3947849449932,2244.132886,161978.220123291,7.35483870967742,1.88321710218922,0.241788680536442,1.87772915599776,0.252083344368644
"23","CP2","CW",15,0.45,0,71.569225,16.850645,25.769995,24.31986,306.50481,0,0,0,7.89362,27.30258,154.35637,3.779595,36.26478,5.41141,452.908155,159.76778,612.675935,67.346955,6.37943175778276,4.95833451493224,6.09364395862842,4.20442561308888,1.6220869795893,23132.8300876617,38781.1799707357,73901.1400728226,1.03360215648608,13.3947849449932,2244.132886,161978.220123291,7.35483870967742,1.88321710218922,0.241788680536442,1.87772915599776,0.252083344368644
"24","CP2","CW",17,0.28,0,0,39.24803,5.023625,7.226515,284.4329,0,0,0,4.09681,16.362035,106.99065,0,17.54943,6.96286,340.02788,113.95351,453.98139,33.911465,6.1180106857923,4.61867099819906,5.81907201124983,3.52284995963193,1.21323489071481,23132.8300876617,38781.1799707357,73901.1400728226,1.03360215648608,13.3947849449932,2244.132886,161978.220123291,7.35483870967742,1.88321710218922,0.241788680536442,1.87772915599776,0.252083344368644
"25","DPR","C",3,0.38,14.7274,0,32.80556,87.744375,9.384725,539.68285,14.587045,10.028855,0,6.20933,34.971715,74.06626,5.40011,29.131085,6.761915,715.17014,80.828175,795.998315,69.50291,6.67788279228126,4.36120123281729,6.57182243993357,4.21882079944969,1.29591444128125,10081.3499743938,44804.4900550414,3364.68001177721,7.69508064944317,20.1959946168366,1018.591893,370330.733764648,10.9677419354839,-1.05725533908295,-3.8326771550192,-0.890579169510509,-3.76796894400805
"26","DPR","C",4,0.44,22.80636,0,37.5803,142.000795,0,163.09737,41.384695,6.702045,0,19.80796,34.516975,65.030815,13.883805,65.521915,22.56958,433.379525,87.600395,520.97992,113.922695,6.18637231738002,4.43833904155087,5.99344496919599,4.63827211691836,1.78361351026452,10081.3499743938,44804.4900550414,3364.68001177721,7.69508064944317,20.1959946168366,1018.591893,370330.733764648,10.9677419354839,-1.05725533908295,-3.8326771550192,-0.890579169510509,-3.76796894400805
"27","DPR","C",10,0.355,11.997415,0,26.99399,43.51676,11.09419,542.42049,6.18438,0,0,9.556005,19.47603,64.066365,0,43.467125,10.08345,651.76323,74.149815,725.913045,62.943155,6.478226109405,4.17836464365955,6.37246165609892,4.07482252419844,1.26377098845322,10081.3499743938,44804.4900550414,3364.68001177721,7.69508064944317,20.1959946168366,1018.591893,370330.733764648,10.9677419354839,-1.05725533908295,-3.8326771550192,-0.890579169510509,-3.76796894400805
"28","DPR","CW",3,0.145,25.722425,0,28.30973,152.131675,0,355.215655,13.871165,7.995515,0,5.942965,12.368015,512.914505,0,44.398705,12.20117,589.18913,525.115675,1114.304805,56.76672,6.9935856412375,6.23743559674515,6.3594540524101,4.02107515783174,1.4676934544673,10081.3499743938,44804.4900550414,3364.68001177721,7.69508064944317,20.1959946168366,1018.591893,370330.733764648,10.9677419354839,-1.05725533908295,-3.8326771550192,-0.890579169510509,-3.76796894400805
"29","DPR","CW",4,0.165,11.68046,0,6.798465,91.800775,0,641.68654,57.79906,8.32596,0,29.5454,19.297825,36.64558,0,29.36818,18.70291,847.63666,55.34849,902.98515,48.666005,6.75911134589048,3.7040954527051,6.70360509675552,3.87748574347744,1.21506607888836,10081.3499743938,44804.4900550414,3364.68001177721,7.69508064944317,20.1959946168366,1018.591893,370330.733764648,10.9677419354839,-1.05725533908295,-3.8326771550192,-0.890579169510509,-3.76796894400805
"30","DPR","CW",10,0.23,0,0,44.49602,13.89088,0,1082.75269,0,85.75382,0,29.11982,25.72775,22.56154,0,35.48731,36.48065,1256.01323,59.04219,1315.05542,61.21506,7.1816340882105,4.07825227310021,7.13569788041216,4.11439323767732,0.932914262119824,10081.3499743938,44804.4900550414,3364.68001177721,7.69508064944317,20.1959946168366,1018.591893,370330.733764648,10.9677419354839,-1.05725533908295,-3.8326771550192,-0.890579169510509,-3.76796894400805
"31","IH","C",1,0.16,42.47265,0,0,150.976945,0,417.223665,15.34481,29.192355,0,0,13.645365,14.09034,9.421215,30.04299,21.810135,655.210425,35.900475,691.1109,53.10957,6.47426499683556,3.58048501731584,6.41263563824787,3.5910880426249,1.01691599056741,18058.4599728584,32880.6099669933,69.729998588562,8.56411291334418,22.2007526249014,454.1298385,155613.267623901,10.9354838709677,-2.15717199469877,-0.974808488724364,-2.21605251371753,-0.921321928074028
"32","IH","C",9,0.3,46.82732,0,0,177.18735,0,22.48878,33.32777,0,0,0,0,0,0,81.43002,102.80748,279.83122,102.80748,382.6387,81.43002,5.94709120191697,4.63285811301991,5.63418663570662,4.39974400108874,1.57414145412603,18058.4599728584,32880.6099669933,69.729998588562,8.56411291334418,22.2007526249014,454.1298385,155613.267623901,10.9354838709677,-2.15717199469877,-0.974808488724364,-2.21605251371753,-0.921321928074028
"33","IH","C",10,0.21,155.246455,0,0,1036.46445,28.7411,22.880205,35.383795,5.659735,0,4.789215,21.29097,113.317565,25.553735,63.595725,8.488835,1289.164955,121.8064,1410.971355,110.44043,7.10453505927595,3.95336047629084,7.03826967951172,4.46565855688518,1.16487914245636,18058.4599728584,32880.6099669933,69.729998588562,8.56411291334418,22.2007526249014,454.1298385,155613.267623901,10.9354838709677,-2.15717199469877,-0.974808488724364,-2.21605251371753,-0.921321928074028
"34","IH","CW",1,0.175,85.03542,0,0,793.118895,30.07087,198.001145,23.23208,15.90276,0,6.7478,15.312765,53.323175,9.223365,84.69323,25.80148,1152.10897,79.124655,1231.233625,109.22936,7.05731782069468,4.24420715918268,6.99444914292899,4.12977221581257,1.24240373322128,18058.4599728584,32880.6099669933,69.729998588562,8.56411291334418,22.2007526249014,454.1298385,155613.267623901,10.9354838709677,-2.15717199469877,-0.974808488724364,-2.21605251371753,-0.921321928074028
"35","IH","CW",9,0.2,0,0,0,0,32.06412,1103.8772,0,0,0,0,26.23447,141.978,0,64.4868,26.77859,1135.94132,168.75659,1304.69791,90.72127,7.1737268063696,5.12845738084199,7.03521694301736,4.50779183899962,0.797277978103928,18058.4599728584,32880.6099669933,69.729998588562,8.56411291334418,22.2007526249014,454.1298385,155613.267623901,10.9354838709677,-2.15717199469877,-0.974808488724364,-2.21605251371753,-0.921321928074028
"36","IH","CW",10,0.17,0,0,51.73941,17.52366,0,258.49966,0,24.22189,0,71.76653,30.55096,51.65844,0,48.15413,80.46079,423.75115,132.11923,555.87038,78.70509,6.32053513757527,4.88370477247049,6.04914637255528,4.36570782931671,1.84824671801157,18058.4599728584,32880.6099669933,69.729998588562,8.56411291334418,22.2007526249014,454.1298385,155613.267623901,10.9354838709677,-2.15717199469877,-0.974808488724364,-2.21605251371753,-0.921321928074028
"37","KC2","C",3,0.47,30.22823,0,25.58624,124.60755,0,382.3923,35.81193,0,0,11.39535,15.90685,87.50574,0,18.08673,0,610.0216,87.50574,697.52734,33.99358,6.54754171005995,4.47170439121198,6.41349436637651,3.52617168325734,1.53078930740628,30786.3800563812,24334.3700602259,148.96999835968,8.58086020891525,20.8879569345905,948.1707317,128302.892074585,10.8387096774194,-2.33321737131649,1.27791754313319,-2.37532414660983,1.12144033123388
"38","KC2","C",11,0.27,24.9567,194.03171,25.32308,212.60703,0,483.89395,0,0,0,8.508,14.44397,0,0,22.15023,5.28713,949.32047,5.28713,954.6076,36.5942,6.86130036598993,1.6652755655646,6.85574643391241,3.59988975790428,1.40122796196294,30786.3800563812,24334.3700602259,148.96999835968,8.58086020891525,20.8879569345905,948.1707317,128302.892074585,10.8387096774194,-2.33321737131649,1.27791754313319,-2.37532414660983,1.12144033123388
"39","KC2","CW",3,0.41,61.47251,0,72.23001,158.40591,0,378.20834,99.78745,10.12743,0,39.44743,11.28349,61.01111,0,26.86492,5.42003,819.67908,66.43114,886.11022,38.14841,6.78684134467369,4.19616592245117,6.70891289780104,3.64148407927346,1.83799315040348,30786.3800563812,24334.3700602259,148.96999835968,8.58086020891525,20.8879569345905,948.1707317,128302.892074585,10.8387096774194,-2.33321737131649,1.27791754313319,-2.37532414660983,1.12144033123388
"40","KC2","CW",11,0.13,66.856,134.40587,23.04888,304.01434,0,524.24683,54.22534,0,0,23.39249,9.42917,0,0,14.75478,7.63928,1130.18975,7.63928,1137.82903,24.18395,7.03687736614118,2.03330335789979,7.03014081796332,3.18568918999239,1.55061114881549,30786.3800563812,24334.3700602259,148.96999835968,8.58086020891525,20.8879569345905,948.1707317,128302.892074585,10.8387096774194,-2.33321737131649,1.27791754313319,-2.37532414660983,1.12144033123388
"41","LC","C",1,0.295,16.551305,0,0,479.479155,0,43.24159,39.638905,8.008715,0,0,8.09709,0,5.01497,72.96662,56.99687,586.91967,56.99687,643.91654,86.07868,6.43574774485763,3.8631380492506,6.31877929540242,4.40830630568511,1.16596907166295,23755.13995827,53452.739972668,39885.029900922,5.67723117228226,17.0606182748387,1362.3,42686.39002426,10.9677419354839,-0.241869520033952,0.0726743214926179,-0.239775091000626,0.304738767270956
"42","LC","C",3,0.28,0,0,54.79696,34.41756,0,533.92438,0,55.0992,0,9.4424,15.20023,52.48858,0,70.35163,120.94405,687.6805,173.43263,861.11313,85.55186,6.75822588952455,5.15578922426724,6.53332434053624,4.44912274177339,1.50267340523226,23755.13995827,53452.739972668,39885.029900922,5.67723117228226,17.0606182748387,1362.3,42686.39002426,10.9677419354839,-0.241869520033952,0.0726743214926179,-0.239775091000626,0.304738767270956
"43","LC","C",7,0.32,24.80297,0,26.2974,274.66934,0,383.35526,33.93338,22.79669,0,9.81245,13.10711,125.99339,0,25.82839,6.65563,775.66749,132.64902,908.31651,38.9355,6.8115928971568,4.88770669269366,6.65372393608613,3.66190643086251,1.63684870723123,23755.13995827,53452.739972668,39885.029900922,5.67723117228226,17.0606182748387,1362.3,42686.39002426,10.9677419354839,-0.241869520033952,0.0726743214926179,-0.239775091000626,0.304738767270956
"44","LC","C",8,0.235,38.24234,0,18.708555,314.0567,0,202.744775,21.102415,43.86311,0,0,9.4635,156.551325,0,30.133955,2.75794,638.717895,159.309265,798.02716,39.597455,6.6809673188554,4.9377244115502,6.44278385564621,3.67843635546536,1.64830944294842,23755.13995827,53452.739972668,39885.029900922,5.67723117228226,17.0606182748387,1362.3,42686.39002426,10.9677419354839,-0.241869520033952,0.0726743214926179,-0.239775091000626,0.304738767270956
"45","LC","C",10,0.2,19.05222,0,7.46026,112.92776,0,329.91315,18.795905,9.01992,0,8.149815,9.65109,41.101265,7.17916,59.810185,44.02903,505.31903,85.130295,590.449325,76.640435,6.3628468085413,4.44410847578596,6.19992031401197,4.13750597621892,1.57124478719681,23755.13995827,53452.739972668,39885.029900922,5.67723117228226,17.0606182748387,1362.3,42686.39002426,10.9677419354839,-0.241869520033952,0.0726743214926179,-0.239775091000626,0.304738767270956
"46","LC","CW",1,0.075,44.77148,0,21.27059,280.658675,0,129.987005,42.56778,13.47441,0,9.44319,9.193045,43.59665,0,49.42428,34.279795,542.17313,77.876445,620.049575,58.617325,6.41858247623496,4.31807638471295,6.28680303801829,4.0703985716941,1.67443351772952,23755.13995827,53452.739972668,39885.029900922,5.67723117228226,17.0606182748387,1362.3,42686.39002426,10.9677419354839,-0.241869520033952,0.0726743214926179,-0.239775091000626,0.304738767270956
"47","LC","CW",3,0.15,41.48827,0,0,298.67767,0,304.50839,15.77964,23.44389,14.31229,0,23.12212,184.47427,7.02239,21.48222,0,683.89786,198.78656,882.68442,51.62673,6.78296774147957,5.29223168630331,6.52780857898671,3.9440395616156,1.6290224047105,23755.13995827,53452.739972668,39885.029900922,5.67723117228226,17.0606182748387,1362.3,42686.39002426,10.9677419354839,-0.241869520033952,0.0726743214926179,-0.239775091000626,0.304738767270956
"48","LC","CW",7,0.41,101.71136,0,21.04375,607.53119,0,452.87094,28.90315,0,52.6206,0,0,1036.76758,16.61243,65.40763,11.04292,1212.06039,1100.4311,2312.49149,82.02006,7.74608078937981,7.00345729110106,7.10007699212062,4.40696385149254,1.4960105099083,23755.13995827,53452.739972668,39885.029900922,5.67723117228226,17.0606182748387,1362.3,42686.39002426,10.9677419354839,-0.241869520033952,0.0726743214926179,-0.239775091000626,0.304738767270956
"49","LC","CW",8,0.22,46.48981,0,14.949035,330.594025,4.923155,262.21608,17.918245,47.85472,90.17571,0,14.48045,249.54233,15.298175,57.670885,8.42649,724.94507,348.14453,1073.0896,87.44951,6.97671793237793,5.84643729498519,6.57671221811859,4.27635427622738,1.8046657638047,23755.13995827,53452.739972668,39885.029900922,5.67723117228226,17.0606182748387,1362.3,42686.39002426,10.9677419354839,-0.241869520033952,0.0726743214926179,-0.239775091000626,0.304738767270956
"50","LC","CW",10,0.35,45.84322,0,13.90641,479.02588,17.9937,183.12926,10.44307,4.833195,4.462405,4.62451,11.37676,276.20898,0,41.756305,26.105675,759.799245,306.77706,1066.576305,53.133065,6.95131227239233,5.54345826309901,6.63121195318379,3.8863358091496,1.36402441409003,23755.13995827,53452.739972668,39885.029900922,5.67723117228226,17.0606182748387,1362.3,42686.39002426,10.9677419354839,-0.241869520033952,0.0726743214926179,-0.239775091000626,0.304738767270956
"51","LV1","C",4,0.15,0,0,198.04428,38.0809,44.98935,1562.80798,10.96738,254.03065,0,96.28424,25.33951,142.88864,11.83472,19.8246,6.28223,2205.20478,149.17087,2354.37565,56.99883,7.76403085452803,5.00509242742074,7.69857565431702,4.04303074130809,1.31275993032777,18249.9499893188,54495.85996175,160090.570127487,-1.62793011294918,11.1549193301358,2593.416641,109548.457748413,6.58064516129032,3.9875844825667,-0.462172905682881,4.08020510217366,-0.29262502440552
"52","LV1","C",9,0.235,0,0,135.64213,13.27898,20.865365,1481.31903,0,132.16763,17.778655,14.77233,20.28741,230.181375,36.76629,60.664505,4.12088,1798.045465,252.08091,2050.126375,117.718205,7.61996831045035,4.67625788901502,7.49443996724824,4.61451798771967,1.12287607025045,18249.9499893188,54495.85996175,160090.570127487,-1.62793011294918,11.1549193301358,2593.416641,109548.457748413,6.58064516129032,3.9875844825667,-0.462172905682881,4.08020510217366,-0.29262502440552
"53","LV1","C",10,0.225,12.44049,0,33.206735,169.271805,5.63326,483.46955,30.265515,41.962675,0,8.140705,19.594595,31.39612,0,43.664025,27.996325,784.390735,59.392445,843.78318,63.25862,6.7090769374873,4.00841369308841,6.62317755891079,3.96126276659951,1.28661743111554,18249.9499893188,54495.85996175,160090.570127487,-1.62793011294918,11.1549193301358,2593.416641,109548.457748413,6.58064516129032,3.9875844825667,-0.462172905682881,4.08020510217366,-0.29262502440552
"54","LV1","C",13,0.28,0,0,25.35601,13.268455,5.15293,1004.683835,0,53.062725,3.09396,16.458175,45.92345,10.19006,0,44.61891,31.519465,1117.98213,44.803485,1162.785615,90.54236,7.04484056839148,3.71173073084962,7.00713995312317,4.50429745321631,0.888044294948188,18249.9499893188,54495.85996175,160090.570127487,-1.62793011294918,11.1549193301358,2593.416641,109548.457748413,6.58064516129032,3.9875844825667,-0.462172905682881,4.08020510217366,-0.29262502440552
"55","LV1","C",14,0.195,0,0,19.73882,33.341545,0,943.21106,31.31304,31.4003,0,7.231835,20.66412,5.04465,40.756635,65.98047,42.640615,1066.2366,47.685265,1113.921865,127.401225,7.01563322053539,3.86430165130355,6.97188503970395,4.60409143282137,0.972220008304025,18249.9499893188,54495.85996175,160090.570127487,-1.62793011294918,11.1549193301358,2593.416641,109548.457748413,6.58064516129032,3.9875844825667,-0.462172905682881,4.08020510217366,-0.29262502440552
"56","LV1","C",19,0.215,0,0,52.74758,22.654635,10.4572,1130.61856,0,89.775675,0,12.23843,19.815165,20.89814,3.783605,18.787725,22.622205,1318.49208,43.520345,1362.012425,42.386495,7.19995766866383,3.7648060674526,7.16549850318317,3.73762467624119,0.844427090111404,18249.9499893188,54495.85996175,160090.570127487,-1.62793011294918,11.1549193301358,2593.416641,109548.457748413,6.58064516129032,3.9875844825667,-0.462172905682881,4.08020510217366,-0.29262502440552
"57","LV1","CW",9,0.255,0,0,42.09427,19.80552,0,807.17084,0,47.87488,66.852935,16.55035,30.5792,34.62925,54.00973,40.72995,4.337215,933.49586,105.8194,1039.31526,125.31888,6.93861961256125,4.65122632845124,6.83152909603086,4.69330431454524,1.22541411760509,18249.9499893188,54495.85996175,160090.570127487,-1.62793011294918,11.1549193301358,2593.416641,109548.457748413,6.58064516129032,3.9875844825667,-0.462172905682881,4.08020510217366,-0.29262502440552
"58","LV1","CW",10,0.195,0,54.947185,73.141135,11.79222,6.05955,683.5412,0,52.480505,13.180015,7.186265,31.59237,47.373925,18.551665,62.66341,43.59454,889.14806,104.14848,993.29654,112.807445,6.87532125077751,4.64009727622203,6.7545428859339,4.723595724032,1.3796468437225,18249.9499893188,54495.85996175,160090.570127487,-1.62793011294918,11.1549193301358,2593.416641,109548.457748413,6.58064516129032,3.9875844825667,-0.462172905682881,4.08020510217366,-0.29262502440552
"59","LV1","CW",13,0.21,10.597775,0,49.655255,246.40263,0,1328.91592,74.344225,11.01953,72.648195,30.587015,31.56794,105.5012,58.461685,127.12084,8.244135,1751.52235,186.39353,1937.91588,217.150465,7.54036582070994,5.04874185555111,7.44693162270491,5.30460445253631,1.37097365953299,18249.9499893188,54495.85996175,160090.570127487,-1.62793011294918,11.1549193301358,2593.416641,109548.457748413,6.58064516129032,3.9875844825667,-0.462172905682881,4.08020510217366,-0.29262502440552
"60","LV1","CW",14,0.18,0,0,39.4657,24.865,0,1640.246765,0,54.050345,35.643,34.294655,31.642855,93.90675,63.039475,95.97398,21.425795,1792.922465,150.975545,1943.89801,190.65631,7.56559449243692,5.01177911110009,7.48237773429641,5.23089747135475,1.03649145664215,18249.9499893188,54495.85996175,160090.570127487,-1.62793011294918,11.1549193301358,2593.416641,109548.457748413,6.58064516129032,3.9875844825667,-0.462172905682881,4.08020510217366,-0.29262502440552
"61","LV1","CW",19,0.165,55.643505,0,37.56245,119.7314,0,565.58541,17.855645,54.773425,7.383155,6.558705,22.140045,18.482685,6.29584,70.7731,24.66809,857.71054,50.53393,908.24447,99.208985,6.64801654855606,3.89373485916782,6.57783887559838,4.55873855492152,1.30973673827179,18249.9499893188,54495.85996175,160090.570127487,-1.62793011294918,11.1549193301358,2593.416641,109548.457748413,6.58064516129032,3.9875844825667,-0.462172905682881,4.08020510217366,-0.29262502440552
"62","LV2","C",2,0.205,0,60.65445,12.435915,12.386305,28.995025,736.921765,0,0,0,0,19.482675,34.00502,5.803015,27.99042,49.650265,851.39346,83.655285,935.048745,53.27611,6.81396717777675,4.28149728358258,6.72629694313587,3.96039951466896,1.03349344233567,17829.6500501633,53479.3599025533,153506.250231743,-1.46107528006698,11.2891666926444,2500.457178,254152.510131836,6.61290322580645,3.81566715626659,-1.52883022549893,3.90675425978885,-1.4389620737899
"63","LV2","C",4,0.07,0,0,16.15219,0,0,222.50514,0,0,0,26.86708,9.65696,191.46414,0,73.65251,33.36773,265.52441,224.83187,490.35628,83.30947,6.19513222893486,5.41535287843369,5.58170677619214,4.42256222818528,1.47522302361767,17829.6500501633,53479.3599025533,153506.250231743,-1.46107528006698,11.2891666926444,2500.457178,254152.510131836,6.61290322580645,3.81566715626659,-1.52883022549893,3.90675425978885,-1.4389620737899
"64","LV2","C",5,0.19,12.619305,0,33.601805,18.486695,0,400.51278,19.95603,33.77772,0,25.73667,28.835145,8.956735,23.92679,67.376185,7.44614,544.691005,16.402875,561.09388,120.13812,6.31398623391075,2.49064016775213,6.27925164553163,4.77918791121433,1.49171227147604,17829.6500501633,53479.3599025533,153506.250231743,-1.46107528006698,11.2891666926444,2500.457178,254152.510131836,6.61290322580645,3.81566715626659,-1.52883022549893,3.90675425978885,-1.4389620737899
"65","LV2","C",8,0.15,0,0,72.229565,35.65684,7.42696,969.94211,29.491805,35.171235,0,8.453845,24.46117,16.06383,5.508995,17.521395,21.12177,1158.37236,37.1856,1195.55796,47.49156,7.08282994649679,3.56033452940227,7.05003628425072,3.86054364179567,0.949803294844991,17829.6500501633,53479.3599025533,153506.250231743,-1.46107528006698,11.2891666926444,2500.457178,254152.510131836,6.61290322580645,3.81566715626659,-1.52883022549893,3.90675425978885,-1.4389620737899
"66","LV2","C",9,0.14,0,0,0,19.4637,0,880.19733,0,0,0,0,9.70947,31.84776,39.89124,42.34639,47.94014,899.66103,79.7879,979.44893,91.9471,6.88699009717897,4.37937186388623,6.80201805904683,4.52121341167314,0.770668785566959,17829.6500501633,53479.3599025533,153506.250231743,-1.46107528006698,11.2891666926444,2500.457178,254152.510131836,6.61290322580645,3.81566715626659,-1.52883022549893,3.90675425978885,-1.4389620737899
"67","LV2","C",10,0.135,0,0,86.14952,410.063615,29.64451,1281.410035,0,104.650885,0,14.213275,11.020425,36.452395,5.61328,46.03522,37.494765,1926.13184,73.94716,2000.079,62.668925,7.41550341167848,4.28487157657856,7.35351603366352,4.12526179029683,0.760971868431988,17829.6500501633,53479.3599025533,153506.250231743,-1.46107528006698,11.2891666926444,2500.457178,254152.510131836,6.61290322580645,3.81566715626659,-1.52883022549893,3.90675425978885,-1.4389620737899
"68","LV2","CW",2,0.24,0,93.3841,29.736405,7.36923,16.30261,640.470245,0,12.23259,5.843355,0,14.495295,50.97339,10.171125,33.09919,18.116015,799.49518,74.93276,874.42794,57.76561,6.7699578915162,4.2683853813171,6.67658046368592,4.01454485101093,1.14752680394942,17829.6500501633,53479.3599025533,153506.250231743,-1.46107528006698,11.2891666926444,2500.457178,254152.510131836,6.61290322580645,3.81566715626659,-1.52883022549893,3.90675425978885,-1.4389620737899
"69","LV2","CW",4,0.19,0,0,54.443845,29.289355,17.963255,1322.82782,0,93.979075,14.076825,12.298115,26.549325,230.296805,0,37.337715,8.69168,1530.801465,253.06531,1783.866775,63.88704,7.48233993071365,5.18269800084879,7.33348794002858,4.15634291819609,1.01095251283783,17829.6500501633,53479.3599025533,153506.250231743,-1.46107528006698,11.2891666926444,2500.457178,254152.510131836,6.61290322580645,3.81566715626659,-1.52883022549893,3.90675425978885,-1.4389620737899
"70","LV2","CW",5,0.18,0,0,14.73717,29.81849,22.57539,1291.36865,0,82.2834,22.08462,0,16.93958,138.07335,0,26.43872,9.51271,1440.7831,169.67068,1610.45378,43.3783,7.38427126919767,5.13385938182662,7.27294206419828,3.76995931606468,0.923197599616293,17829.6500501633,53479.3599025533,153506.250231743,-1.46107528006698,11.2891666926444,2500.457178,254152.510131836,6.61290322580645,3.81566715626659,-1.52883022549893,3.90675425978885,-1.4389620737899
"71","LV2","CW",8,0.075,0,0,18.98049,69.888245,12.74967,1291.814665,45.493605,8.670925,20.453055,11.80719,42.559995,30.375015,0,119.771275,16.56926,1459.40479,67.39733,1526.80212,162.33127,7.30218877181908,3.51330212877573,7.26383949742166,5.03690290732231,0.969811138104497,17829.6500501633,53479.3599025533,153506.250231743,-1.46107528006698,11.2891666926444,2500.457178,254152.510131836,6.61290322580645,3.81566715626659,-1.52883022549893,3.90675425978885,-1.4389620737899
"72","LV2","CW",9,0.14,81.34578,0,38.187795,506.03446,0,484.453615,15.34881,71.640105,0,46.53925,23.346565,255.63559,5.016475,104.6146,14.303135,1243.549815,269.938725,1513.48854,132.97764,7.28239260186548,5.36974433854821,7.10423369130835,4.88564897072281,1.63693946355369,17829.6500501633,53479.3599025533,153506.250231743,-1.46107528006698,11.2891666926444,2500.457178,254152.510131836,6.61290322580645,3.81566715626659,-1.52883022549893,3.90675425978885,-1.4389620737899
"73","LV2","CW",10,0.195,0,0,13.56444,35.519345,0,397.747375,9.93582,20.08857,0,12.989235,16.388745,72.68103,0,35.607695,28.99908,489.844785,101.68011,591.524895,51.99644,6.380948472935,4.58770141270638,6.19392354532335,3.91873861695336,1.30131692716883,17829.6500501633,53479.3599025533,153506.250231743,-1.46107528006698,11.2891666926444,2500.457178,254152.510131836,6.61290322580645,3.81566715626659,-1.52883022549893,3.90675425978885,-1.4389620737899
"74","MSH","C",9,0.15,0,0,0,12.11329,0,401.80206,0,6.55912,0,10.7907,14.64653,0,0,12.73926,5.05331,431.26517,5.05331,436.31848,27.38579,6.07837243540951,1.62004347412121,6.06672314453847,3.31002426572903,0.624253873638043,20240.2599992752,38776.4099072628,737.00999045372,9.71263440994806,19.4516666794336,1282,94913.3391342163,10.8709677419355,-1.47076479426366,-0.334737206931846,-1.37408623714098,-0.369815600093998
"75","MSH","CW",9,0.205,0,0,9.196845,18.928825,0,470.50062,13.24422,0,0,4.289425,24.37985,38.97515,0,24.86037,36.383885,516.159935,75.359035,591.51897,49.24022,6.32354248891888,4.07634159102685,6.11930547087239,3.88335064179726,1.11377930419138,20240.2599992752,38776.4099072628,737.00999045372,9.71263440994806,19.4516666794336,1282,94913.3391342163,10.8709677419355,-1.47076479426366,-0.334737206931846,-1.37408623714098,-0.369815600093998
"76","RB","C",1,0.165,17.10553,0,34.694785,65.523965,0,589.17086,13.004685,30.92146,0,7.293035,15.443,16.83795,47.24177,53.093965,14.608665,757.71432,31.446615,789.160935,115.778735,6.58026181724439,3.31545465295997,6.54112393456288,4.32665770555522,1.38612934935035,27936.3099985123,31204.6300140489,4888.38002227247,5.57239246917188,20.1513440942252,787,99725.7499694824,10.8709677419355,-1.75288712525633,0.935923030601327,-1.84607130004161,0.88678159235136
"77","RB","C",12,0.13,40.12482,0,22.687645,662.23669,0,109.003215,19.81597,0,0,10.36203,11.296825,184.109135,0,46.02346,25.85184,864.23037,209.960975,1074.191345,57.320285,6.85414887920535,5.10929509412177,6.65667879301744,4.03584349358352,1.40114133117465,27936.3099985123,31204.6300140489,4888.38002227247,5.57239246917188,20.1513440942252,787,99725.7499694824,10.8709677419355,-1.75288712525633,0.935923030601327,-1.84607130004161,0.88678159235136
"78","RB","C",20,0.25,74.48711,0,0,46.47591,0,22.2262,66.21845,0,0,0,7.85904,50.15068,0,15.1502,0,209.40767,50.15068,259.55835,23.00924,5.55898153282107,3.91503207363805,5.3442829262279,3.13589587438403,1.75172528466489,27936.3099985123,31204.6300140489,4888.38002227247,5.57239246917188,20.1513440942252,787,99725.7499694824,10.8709677419355,-1.75288712525633,0.935923030601327,-1.84607130004161,0.88678159235136
"79","RB","CW",1,0.51,26.38063,0,18.50758,36.65122,0,67.4339,0,0,6.25629,0,0,39.69078,0,17.7727,9.97253,148.97333,55.9196,204.89293,17.7727,5.32248755001315,4.02391494482415,5.00376729663566,2.87766357209902,1.86686287483074,27936.3099985123,31204.6300140489,4888.38002227247,5.57239246917188,20.1513440942252,787,99725.7499694824,10.8709677419355,-1.75288712525633,0.935923030601327,-1.84607130004161,0.88678159235136
"80","RB","CW",12,0.18,24.434755,0,15.15684,96.67511,6.73585,268.45463,12.063455,0,4.88329,0,12.05615,169.17997,0,51.32043,36.3345,423.52064,210.39776,633.9184,63.37658,6.3949608613108,5.18105877719641,6.02243791819289,4.13455489335718,1.48580967185851,27936.3099985123,31204.6300140489,4888.38002227247,5.57239246917188,20.1513440942252,787,99725.7499694824,10.8709677419355,-1.75288712525633,0.935923030601327,-1.84607130004161,0.88678159235136
"81","RB","CW",20,0.11,47.78919,0,0,150.81149,0,51.88091,58.44532,0,19.38067,0,10.94036,10.09426,0,20.81754,0,308.92691,29.47493,338.40184,31.7579,5.82423406506953,3.38354007152664,5.73310471170158,3.45814151328605,1.71558025508382,27936.3099985123,31204.6300140489,4888.38002227247,5.57239246917188,20.1513440942252,787,99725.7499694824,10.8709677419355,-1.75288712525633,0.935923030601327,-1.84607130004161,0.88678159235136
"82","SC","C",7,0.075,26.043795,0,0,737.362445,7.9125,13.946055,12.75649,0,0,0,13.65088,13.66844,0,45.258015,27.132785,798.021285,40.801225,838.82251,58.908895,6.65624062374215,3.70865673726158,6.59747276783098,4.04746584045944,0.851181737321178,26363.6999878883,23990.4900362939,7.57000017166138,8.65131721148888,22.7130107008001,421.5178299,69542.1299514771,10.9032258064516,-2.67810410014246,1.02226782860264,-2.91424927742207,1.06434820639384
"83","SC","C",18,0.065,73.735615,0,0,385.666455,0,8.409405,65.82739,0,0,61.07989,18.417385,16.136005,7.856795,29.604095,17.830765,594.718755,33.96677,628.685525,55.878275,6.44264417055896,3.30299574845286,6.3847837247134,4.021583195628,1.42855359486417,26363.6999878883,23990.4900362939,7.57000017166138,8.65131721148888,22.7130107008001,421.5178299,69542.1299514771,10.9032258064516,-2.67810410014246,1.02226782860264,-2.91424927742207,1.06434820639384
"84","SC","C",19,0.125,19.28954,0,0,495.041775,0,11.35335,51.91759,0,0,0,9.54595,8.96048,0,26.468225,65.114635,577.602255,74.075115,651.67737,36.014175,6.46777486702001,4.27380704014765,6.34890998999769,3.53103933635215,1.02147352732249,26363.6999878883,23990.4900362939,7.57000017166138,8.65131721148888,22.7130107008001,421.5178299,69542.1299514771,10.9032258064516,-2.67810410014246,1.02226782860264,-2.91424927742207,1.06434820639384
"85","SC","C",20,0.16,45.531905,0,0,418.858915,0,0,39.42318,0,0,0,10.79721,23.62215,0,13.61848,6.54662,503.814,30.16877,533.98277,24.41569,6.28031365703107,3.40680614155242,6.22215203382349,3.0901981843809,0.945199441779955,26363.6999878883,23990.4900362939,7.57000017166138,8.65131721148888,22.7130107008001,421.5178299,69542.1299514771,10.9032258064516,-2.67810410014246,1.02226782860264,-2.91424927742207,1.06434820639384
"86","SC","CW",7,0.145,73.33317,0,0,416.96124,0,23.42427,44.18832,0,22.79854,0,6.89831,107.3946,6.83632,31.03981,20.023125,557.907,150.216265,708.123265,44.77444,6.55155456540194,4.93998748021141,6.32020659303098,3.79927104431774,1.45551821475636,26363.6999878883,23990.4900362939,7.57000017166138,8.65131721148888,22.7130107008001,421.5178299,69542.1299514771,10.9032258064516,-2.67810410014246,1.02226782860264,-2.91424927742207,1.06434820639384
"87","SC","CW",18,0.11,45.15047,0,0,1105.977965,0,24.49741,47.711465,0,6.767735,7.316015,8.27618,37.423385,0,33.358885,6.204655,1230.653325,50.395775,1281.0491,41.635065,7.15446999750766,3.91929801977721,7.11431954605181,3.67090158975252,0.748197955348292,26363.6999878883,23990.4900362939,7.57000017166138,8.65131721148888,22.7130107008001,421.5178299,69542.1299514771,10.9032258064516,-2.67810410014246,1.02226782860264,-2.91424927742207,1.06434820639384
"88","SC","CW",19,0.1,84.52549,0,0,705.7106,0,39.20021,68.832245,0,22.07293,4.52264,14.54254,43.733015,6.655065,29.41169,4.4249,902.791185,70.230845,973.02203,50.609295,6.88032105125085,3.85144357461975,6.80453829305926,3.87901122274366,1.16694579775584,26363.6999878883,23990.4900362939,7.57000017166138,8.65131721148888,22.7130107008001,421.5178299,69542.1299514771,10.9032258064516,-2.67810410014246,1.02226782860264,-2.91424927742207,1.06434820639384
"89","SC","CW",20,0.145,49.37649,30.79262,0,427.9448,0,460.02368,48.42443,0,23.868375,6.13023,16.59088,47.9857,3.2669,36.1909,5.1569,1022.69225,77.010975,1099.703225,56.04868,7.00215348390873,4.17564450106404,6.93019238586078,3.96751486259987,0.979552766797018,26363.6999878883,23990.4900362939,7.57000017166138,8.65131721148888,22.7130107008001,421.5178299,69542.1299514771,10.9032258064516,-2.67810410014246,1.02226782860264,-2.91424927742207,1.06434820639384
"90","SQ1","C",2,0.215,14.278125,44.654605,0,710.311755,22.290325,338.686515,10.930135,26.52516,0,4.23319,19.716215,72.824145,0,32.621275,6.76124,1171.90981,79.585385,1251.495195,52.33749,7.1271466866388,4.37147998389236,7.06146920943195,3.94504710632923,1.15124394875318,27210.6499996185,28686.6699871141,19167.5899920464,3.5255644977974,15.6807258045802,1921.036585,55709.8195266724,8,0.272128714524371,1.74820576145692,0.255857451935608,1.55621434084696
"91","SQ1","C",3,0.09,0,0,0,15.55797,0,1211.64844,0,0,0,12.60147,21.25885,64.34612,12.6978,51.1538,12.57433,1239.80788,76.92045,1316.72833,85.11045,7.18290540104182,4.34277177093748,7.12271171111147,4.44394982475018,0.628987540181069,27210.6499996185,28686.6699871141,19167.5899920464,3.5255644977974,15.6807258045802,1921.036585,55709.8195266724,8,0.272128714524371,1.74820576145692,0.255857451935608,1.55621434084696
"92","SQ1","C",5,0.2,20.21799,0,0,926.49908,32.12833,15.49473,0,0,0,0,23.98918,23.43798,0,34.92746,0,994.34013,23.43798,1017.77811,58.91664,6.92537720675112,3.15435778352092,6.90207933122388,4.07612356349178,0.64903777230733,27210.6499996185,28686.6699871141,19167.5899920464,3.5255644977974,15.6807258045802,1921.036585,55709.8195266724,8,0.272128714524371,1.74820576145692,0.255857451935608,1.55621434084696
"93","SQ1","C",7,0.32,0,0,0,885.31683,25.44355,10.32493,0,8.46953,0,0,11.86886,17.68009,0,17.72002,56.28209,929.55484,73.96218,1003.51702,29.58888,6.91126612873033,4.30355388147664,6.83470580488318,3.38739861507055,0.658119766002501,27210.6499996185,28686.6699871141,19167.5899920464,3.5255644977974,15.6807258045802,1921.036585,55709.8195266724,8,0.272128714524371,1.74820576145692,0.255857451935608,1.55621434084696
"94","SQ1","CW",2,0.31,0,0,0,536.27502,0,0,0,0,14.36691,0,9.96828,112.18395,0,21.18388,5.08049,536.27502,131.63135,667.90637,31.15216,6.504147999042,4.88000521240539,6.28464712649646,3.43888358472348,0.77916119440397,27210.6499996185,28686.6699871141,19167.5899920464,3.5255644977974,15.6807258045802,1921.036585,55709.8195266724,8,0.272128714524371,1.74820576145692,0.255857451935608,1.55621434084696
"95","SQ1","CW",3,0.24,0,0,32.568145,0,17.646215,439.52457,0,18.094965,10.404395,0,29.137135,28.4894,4.543495,25.5807,11.004245,507.833895,49.89804,557.731935,59.26133,6.05450794022265,3.55774103782841,5.96783833257106,4.05665430365683,1.22601447833712,27210.6499996185,28686.6699871141,19167.5899920464,3.5255644977974,15.6807258045802,1921.036585,55709.8195266724,8,0.272128714524371,1.74820576145692,0.255857451935608,1.55621434084696
"96","SQ1","CW",5,0.4,40.03468,0,0,416.20627,0,0,45.6015,0,0,0,11.50203,19.64931,0,76.62127,46.97392,501.84245,66.62323,568.46568,88.1233,6.34294094197515,4.19905331552898,6.21828622581069,4.47873697016622,1.26001471905028,27210.6499996185,28686.6699871141,19167.5899920464,3.5255644977974,15.6807258045802,1921.036585,55709.8195266724,8,0.272128714524371,1.74820576145692,0.255857451935608,1.55621434084696
"97","SQ1","CW",7,0.21,24.56913,0,0,1030.09973,24.66764,10.05993,25.39242,0,0,0,9.49866,271.70328,0,24.44686,13.68915,1114.78885,285.39243,1400.18128,33.94552,7.24435699293508,5.65386518051437,7.01642029376373,3.5247568865345,0.945666867736696,27210.6499996185,28686.6699871141,19167.5899920464,3.5255644977974,15.6807258045802,1921.036585,55709.8195266724,8,0.272128714524371,1.74820576145692,0.255857451935608,1.55621434084696
"98","SQ2","C",9,0.16,13.74598,0,0,1635.01245,80.51949,18.9896,7.17208,18.96675,14.12206,11.20803,13.6157,212.12047,0,21.82156,0,1785.61438,226.24253,2011.85691,35.43726,7.60681341040035,5.42160756546039,7.48751782546998,3.56776380897827,0.826512335127507,20670.2200222015,29397.2000172492,21602.2000110149,3.26771504459502,15.5999193479938,1934.45122,72250.7584838867,8.19354838709677,0.513395293389407,0.764347050098609,0.570432550518377,0.600111307862336
"99","SQ2","C",12,0.14,26.399755,0,0,851.91806,51.85433,17.063495,14.536085,11.611725,0,11.787415,24.298535,68.220915,0,38.09267,3.351495,985.170865,71.57241,1056.743275,62.391205,6.92100168454798,3.6459956523695,6.86240398117705,4.07872815698153,1.02586448993759,20670.2200222015,29397.2000172492,21602.2000110149,3.26771504459502,15.5999193479938,1934.45122,72250.7584838867,8.19354838709677,0.513395293389407,0.764347050098609,0.570432550518377,0.600111307862336
"100","SQ2","C",14,0.13,65.291405,0,42.420515,633.601745,22.50662,54.820195,0,26.94216,2.93634,0,16.9676,195.66465,0,34.39073,14.15545,845.58264,212.75644,1058.33908,51.35833,6.81450089973178,5.36000552109044,6.48418248198119,3.89938731327956,1.42956411288213,20670.2200222015,29397.2000172492,21602.2000110149,3.26771504459502,15.5999193479938,1934.45122,72250.7584838867,8.19354838709677,0.513395293389407,0.764347050098609,0.570432550518377,0.600111307862336
"101","SQ2","C",15,0.17,20.800295,0,0,768.2238,17.494545,6.50091,0,18.625815,0,4.35753,5.343245,169.17188,0,23.426255,26.135345,836.002895,195.307225,1031.31012,28.7695,6.85040874555021,5.11400865646799,6.65347061502807,3.34197415519486,0.927103593657379,20670.2200222015,29397.2000172492,21602.2000110149,3.26771504459502,15.5999193479938,1934.45122,72250.7584838867,8.19354838709677,0.513395293389407,0.764347050098609,0.570432550518377,0.600111307862336
"102","SQ2","C",17,0.28,0,0,6.742925,23.752735,38.776925,1080.161835,0,56.10705,0,7.01755,39.55716,23.439715,51.358965,63.980155,50.77152,1212.55902,74.211235,1286.770255,154.89628,7.14174748616718,4.1641199773156,7.08585628534296,5.03939356862835,1.01425441409234,20670.2200222015,29397.2000172492,21602.2000110149,3.26771504459502,15.5999193479938,1934.45122,72250.7584838867,8.19354838709677,0.513395293389407,0.764347050098609,0.570432550518377,0.600111307862336
"103","SQ2","C",18,0.28,20.348265,0,0,704.78015,0,0,8.91581,22.979585,0,0,28.865385,56.48317,0,38.363935,28.814195,757.02381,85.297365,842.321175,67.22932,6.70593658949788,4.44301145490561,6.58906053508735,3.94474278772556,0.896022623080274,20670.2200222015,29397.2000172492,21602.2000110149,3.26771504459502,15.5999193479938,1934.45122,72250.7584838867,8.19354838709677,0.513395293389407,0.764347050098609,0.570432550518377,0.600111307862336
"104","SQ2","C",20,0.21,49.72086,0,0,1104.99774,35.930205,16.498995,4.25588,12.87038,8.733175,8.112095,6.748245,298.127655,8.30303,21.56209,6.811285,1232.386155,313.672115,1546.05827,36.613365,7.3295348812228,5.38692334782351,7.11638614025929,3.54058253746422,0.975558071899628,20670.2200222015,29397.2000172492,21602.2000110149,3.26771504459502,15.5999193479938,1934.45122,72250.7584838867,8.19354838709677,0.513395293389407,0.764347050098609,0.570432550518377,0.600111307862336
"105","SQ2","CW",9,0.22,19.69787,0,0,748.843445,14.67161,23.01941,13.407805,4.463555,0,3.95875,12.687055,11.476135,6.731195,17.58741,8.446055,828.062445,19.92219,847.984635,37.00566,6.71644039418767,2.82863180723096,6.69436715128409,3.610310407817,0.697142176529459,20670.2200222015,29397.2000172492,21602.2000110149,3.26771504459502,15.5999193479938,1934.45122,72250.7584838867,8.19354838709677,0.513395293389407,0.764347050098609,0.570432550518377,0.600111307862336
"106","SQ2","CW",12,0.3,14.696405,19.136145,8.264185,307.91026,17.122115,226.246825,0,0,7.215185,10.122155,20.895945,122.91984,22.42253,60.331025,8.960245,603.49809,139.09527,742.59336,103.6495,6.581073355346,3.93284078220175,6.39968646648046,4.58833099365474,1.27010086948611,20670.2200222015,29397.2000172492,21602.2000110149,3.26771504459502,15.5999193479938,1934.45122,72250.7584838867,8.19354838709677,0.513395293389407,0.764347050098609,0.570432550518377,0.600111307862336
"107","SQ2","CW",14,0.24,47.003935,0,0,1085.090425,33.538575,13.501085,4.86088,11.819575,0,0,39.07312,33.5825,22.803425,58.624025,11.51321,1195.814475,45.09571,1240.910185,120.50057,7.09799835746079,3.80446168401786,7.05980837703813,4.79147461419559,0.926602959115017,20670.2200222015,29397.2000172492,21602.2000110149,3.26771504459502,15.5999193479938,1934.45122,72250.7584838867,8.19354838709677,0.513395293389407,0.764347050098609,0.570432550518377,0.600111307862336
"108","SQ2","CW",15,0.28,76.489755,0,0,730.393735,42.34972,0,8.547335,7.632685,0,0,22.00215,111.737855,8.301345,33.31865,4.836685,865.41323,116.57454,981.98777,63.622145,6.8821238794844,4.65727675190363,6.75996738151102,4.10292097245645,1.07066144302509,20670.2200222015,29397.2000172492,21602.2000110149,3.26771504459502,15.5999193479938,1934.45122,72250.7584838867,8.19354838709677,0.513395293389407,0.764347050098609,0.570432550518377,0.600111307862336
"109","SQ2","CW",17,0.32,38.98315,0,0,97.11104,0,52.45895,39.98735,0,0,0,9.68906,16.04176,0,63.89079,56.08852,228.54049,72.13028,300.67077,73.57985,5.7060158787515,4.27847392838799,5.43171339376108,4.29837121107711,1.91586360199033,20670.2200222015,29397.2000172492,21602.2000110149,3.26771504459502,15.5999193479938,1934.45122,72250.7584838867,8.19354838709677,0.513395293389407,0.764347050098609,0.570432550518377,0.600111307862336
"110","SQ2","CW",18,0.19,0,0,0,741.13998,0,77.507925,21.782065,13.29156,8.20543,3.4214,15.40108,273.84844,0,41.760715,4.50103,857.14293,286.5549,1143.69783,57.161795,6.9831582787323,4.90292353987043,6.74228962694051,4.03314716774554,1.07695800118298,20670.2200222015,29397.2000172492,21602.2000110149,3.26771504459502,15.5999193479938,1934.45122,72250.7584838867,8.19354838709677,0.513395293389407,0.764347050098609,0.570432550518377,0.600111307862336
"111","SQ2","CW",20,0.215,16.17048,28.117365,0,1296.835235,26.40389,146.929295,3.93886,22.45608,38.814515,10.00916,32.116125,258.72312,6.03302,43.06314,8.326975,1550.860365,305.86461,1856.724975,81.212285,7.48096151535641,5.72226469927828,7.27643619001246,4.37317226746371,1.20818610408585,20670.2200222015,29397.2000172492,21602.2000110149,3.26771504459502,15.5999193479938,1934.45122,72250.7584838867,8.19354838709677,0.513395293389407,0.764347050098609,0.570432550518377,0.600111307862336
"112","TFC","C",2,0.25,45.169345,0,39.04708,53.13191,0,140.954505,10.8401,0,0,0,14.0899,109.503865,0,24.01097,30.45387,289.14294,139.957735,429.100675,38.10087,6.05980951183949,4.90892453736244,5.66646152085693,3.63951679345722,1.78242160593393,27033.889913559,47290.560069818,5038.16002602875,7.066586012226,19.9431182389618,1085,54211.010559082,10.9677419354839,-1.36350567764744,0.533429566174017,-1.33172628254615,0.674782318327461
"113","TFC","C",3,0.26,64.539625,0,7.40086,471.9705,10.429955,44.62031,0,0,0,5.617715,28.97339,102.208135,0,87.82279,9.68093,604.578965,111.889065,716.46803,116.79618,6.33137368790125,4.71667814488003,6.00344903755672,4.38234942924262,1.47643684292626,27033.889913559,47290.560069818,5038.16002602875,7.066586012226,19.9431182389618,1085,54211.010559082,10.9677419354839,-1.36350567764744,0.533429566174017,-1.33172628254615,0.674782318327461
"114","TFC","CW",1,0.29,16.99352,0,27.65107,112.77805,0,416.3038,29.85018,0,0,23.95439,9.16117,74.94034,0,68.96446,38.56384,627.53101,113.50418,741.03519,78.12563,6.60804811404702,4.73183966443715,6.44179308811159,4.35831817202405,1.65699212225041,27033.889913559,47290.560069818,5038.16002602875,7.066586012226,19.9431182389618,1085,54211.010559082,10.9677419354839,-1.36350567764744,0.533429566174017,-1.33172628254615,0.674782318327461
"115","TFC","CW",2,0.335,36.46841,0,19.745235,153.865265,0,206.461685,16.504505,17.576735,94.38443,0,13.64307,76.066975,40.204875,81.121395,5.205475,450.621835,175.65688,626.278715,134.96934,6.43815344034942,4.64722514642092,6.02663204282635,4.90502810936386,1.86090703313392,27033.889913559,47290.560069818,5038.16002602875,7.066586012226,19.9431182389618,1085,54211.010559082,10.9677419354839,-1.36350567764744,0.533429566174017,-1.33172628254615,0.674782318327461
"116","TFC","CW",3,0.44,0,0,27.81493,35.73802,0,387.09464,15.39573,0,0,25.14973,12.71755,268.4971,0,55.23009,27.0403,491.19305,295.5374,786.73045,67.94764,6.66788568657317,5.68879539398128,6.19683722771003,4.21873740857384,1.49167789807657,27033.889913559,47290.560069818,5038.16002602875,7.066586012226,19.9431182389618,1085,54211.010559082,10.9677419354839,-1.36350567764744,0.533429566174017,-1.33172628254615,0.674782318327461
"117","TM2","C",3,0.28,0,0,66.72554,0,0,572.05267,0,0,0,0,23.39224,609.94281,0,74.41832,22.00725,638.77821,631.95006,1270.72827,97.81056,7.14734545604309,6.44881037203735,6.45955730492626,4.58303254667196,1.16638225511513,20288.8599807024,35180.3000114504,0,9.59206992467885,22.7593548426064,379.1526973,338939.615234375,10.9032258064516,-2.40028011049104,-2.14137157036577,-2.44887320925445,-2.17501418799371
"118","TM2","C",4,0.29,0,0,0,68.07956,0,354.73969,12.11014,0,0,7.33754,14.80138,0,0,48.42652,20.99249,442.26693,20.99249,463.25942,63.2279,6.13828719955128,3.04416475471486,6.09191361382216,4.14674565943612,1.12523125722173,20288.8599807024,35180.3000114504,0,9.59206992467885,22.7593548426064,379.1526973,338939.615234375,10.9032258064516,-2.40028011049104,-2.14137157036577,-2.44887320925445,-2.17501418799371
"119","TM2","C",5,0.11,15.18536,0,0,106.26087,0,674.63892,76.06673,0,0,8.4068,29.15818,45.84792,48.0951,67.07842,9.34602,880.55868,55.19394,935.75262,144.3317,6.84135114667375,4.0108531646478,6.78055656966795,4.97211412287312,1.39056736527687,20288.8599807024,35180.3000114504,0,9.59206992467885,22.7593548426064,379.1526973,338939.615234375,10.9032258064516,-2.40028011049104,-2.14137157036577,-2.44887320925445,-2.17501418799371
"120","TM2","C",6,0.13,28.92895,0,0,286.65445,0,20.02888,89.06741,0,0,0,21.8376,0,0,17.8236,0,424.67969,0,424.67969,39.6612,6.05133521418372,-Inf,6.05133521418372,3.68037337981999,1.1919250135827,20288.8599807024,35180.3000114504,0,9.59206992467885,22.7593548426064,379.1526973,338939.615234375,10.9032258064516,-2.40028011049104,-2.14137157036577,-2.44887320925445,-2.17501418799371
"121","TM2","C",7,0.24,0,0,20.96597,0,0,666.88116,0,32.77559,0,0,24.19585,0,0,16.54038,10.13019,720.62272,10.13019,730.75291,40.73623,6.59407538619348,2.31552007425449,6.58011572709811,3.7071178684706,0.605980572478147,20288.8599807024,35180.3000114504,0,9.59206992467885,22.7593548426064,379.1526973,338939.615234375,10.9032258064516,-2.40028011049104,-2.14137157036577,-2.44887320925445,-2.17501418799371
"122","TM2","C",9,0.16,0,0,39.562665,6.130125,9.190275,507.999775,0,28.813885,0,0,8.032005,16.647995,0,30.168185,74.573175,591.696725,91.22117,682.917895,38.20019,6.52441538296214,4.50620450872918,6.38153981429851,3.52787984440482,1.02976624745478,20288.8599807024,35180.3000114504,0,9.59206992467885,22.7593548426064,379.1526973,338939.615234375,10.9032258064516,-2.40028011049104,-2.14137157036577,-2.44887320925445,-2.17501418799371
"123","TM2","C",10,0.36,48.03829,0,40.8866,143.43022,0,300.46194,0,0,15.70026,0,8.2824,24.97082,0,19.5652,0,532.81705,40.67108,573.48813,27.8476,6.35173723888356,3.70551727476694,6.27817811946492,3.32674678671738,1.47098242083362,20288.8599807024,35180.3000114504,0,9.59206992467885,22.7593548426064,379.1526973,338939.615234375,10.9032258064516,-2.40028011049104,-2.14137157036577,-2.44887320925445,-2.17501418799371
"124","TM2","C",11,0.215,35.386845,0,48.677745,284.251235,0,564.30081,12.93435,53.73855,16.716385,10.752365,13.26148,47.76371,0,43.48068,47.253045,1010.0419,111.73314,1121.77504,56.74216,6.8998863029351,4.70476018181449,6.77279285871733,4.03851650339585,1.3681728083747,20288.8599807024,35180.3000114504,0,9.59206992467885,22.7593548426064,379.1526973,338939.615234375,10.9032258064516,-2.40028011049104,-2.14137157036577,-2.44887320925445,-2.17501418799371
"125","TM2","CW",3,0.14,0,0,23.92521,22.53256,0,252.46712,21.81034,0,0,45.06731,13.23376,0,0,29.36211,9.71622,365.80254,9.71622,375.51876,42.59587,5.92830843000949,2.27379665394656,5.90209367961773,3.75175730021872,1.4031155921646,20288.8599807024,35180.3000114504,0,9.59206992467885,22.7593548426064,379.1526973,338939.615234375,10.9032258064516,-2.40028011049104,-2.14137157036577,-2.44887320925445,-2.17501418799371
"126","TM2","CW",4,0.34,0,0,0,0,0,442.77219,0,0,0,10.25578,22.71957,11.8741,7.79533,51.43486,49.16248,453.02797,61.03658,514.06455,81.94976,6.24234884122778,4.11147335657298,6.11595386750632,4.40610637657054,0.967206512055834,20288.8599807024,35180.3000114504,0,9.59206992467885,22.7593548426064,379.1526973,338939.615234375,10.9032258064516,-2.40028011049104,-2.14137157036577,-2.44887320925445,-2.17501418799371
"127","TM2","CW",5,0.08,0,0,0,168.49442,0,458.70181,12.6022,0,23.53554,10.9399,10.41641,39.56096,0,25.10294,0,650.73833,63.0965,713.83483,35.51935,6.57065160504634,4.1446653004969,6.47810761055982,3.57007761840698,1.20358802649737,20288.8599807024,35180.3000114504,0,9.59206992467885,22.7593548426064,379.1526973,338939.615234375,10.9032258064516,-2.40028011049104,-2.14137157036577,-2.44887320925445,-2.17501418799371
"128","TM2","CW",6,0.5,0,0,0,662.06891,19.51532,0,0,0,0,0,27.97562,21.76685,0,67.70444,63.04531,681.58423,84.81216,766.39639,95.68006,6.64169951631153,4.44043892874402,6.52441983851036,4.56100991729243,0.88370762542199,20288.8599807024,35180.3000114504,0,9.59206992467885,22.7593548426064,379.1526973,338939.615234375,10.9032258064516,-2.40028011049104,-2.14137157036577,-2.44887320925445,-2.17501418799371
"129","TM2","CW",7,0.205,0,0,65.694515,46.472525,18.34035,447.57564,8.21057,0,0,18.871055,16.713885,31.52604,0,34.542505,24.92167,605.164655,56.44771,661.612365,51.25639,6.46869407314649,4.03314771104982,6.37383136563162,3.9299480225258,1.35403995329413,20288.8599807024,35180.3000114504,0,9.59206992467885,22.7593548426064,379.1526973,338939.615234375,10.9032258064516,-2.40028011049104,-2.14137157036577,-2.44887320925445,-2.17501418799371
"130","TM2","CW",9,0.23,0,0,24.28499,71.87613,0,465.08566,28.85888,0,127.5673,31.25725,47.2929,22.02597,9.81121,131.65541,0,621.36291,149.59327,770.95618,188.75952,6.64763153666929,5.00792007789743,6.43191530737582,5.24047382394332,1.67765704784621,20288.8599807024,35180.3000114504,0,9.59206992467885,22.7593548426064,379.1526973,338939.615234375,10.9032258064516,-2.40028011049104,-2.14137157036577,-2.44887320925445,-2.17501418799371
"131","TM2","CW",10,0.18,0,0,0,184.92499,0,467.20676,12.94427,0,45.22648,8.26966,18.11184,19.06431,0,30.92433,6.78868,673.34568,71.07947,744.42515,49.03617,6.61261230979652,4.26379854687148,6.51225883819269,3.89255818906743,1.27236273923509,20288.8599807024,35180.3000114504,0,9.59206992467885,22.7593548426064,379.1526973,338939.615234375,10.9032258064516,-2.40028011049104,-2.14137157036577,-2.44887320925445,-2.17501418799371
"132","TM2","CW",11,0.165,0,0,0,269.796155,9.67337,269.8107,11.66863,85.46634,0,13.708055,11.676595,250.442415,0,31.892155,21.532155,660.12325,271.97457,932.09782,43.56875,6.63016291994038,4.89123098303767,6.37162813413513,3.68071669725796,1.40155223402162,20288.8599807024,35180.3000114504,0,9.59206992467885,22.7593548426064,379.1526973,338939.615234375,10.9032258064516,-2.40028011049104,-2.14137157036577,-2.44887320925445,-2.17501418799371
"133","WL1","C",2,0.19,0,197.08757,0,17.34886,0,638.68549,0,0,0,0,10.71441,52.61631,0,28.94375,35.18685,853.12192,87.80316,940.92508,39.65816,6.84686351898748,4.4750974908818,6.7489024681104,3.68029672766341,1.10281060306262,21117.2400074005,38127.8899831884,21395.4900303483,4.26795699376793,17.2054838640715,1613.837245,140005.470077515,10.9354838709677,-0.391288652252316,-0.27988759516316,-0.345329257936603,-0.21734853898857
"134","WL1","C",9,0.31,0,47.43738,0,12.07771,0,1079.81763,0,0,0,0,11.09161,42.06924,0,24.07632,54.38713,1139.33272,96.45637,1235.78909,35.16793,7.11946498429854,4.56909078175358,7.03819803668078,3.56013458777337,0.669622171718528,21117.2400074005,38127.8899831884,21395.4900303483,4.26795699376793,17.2054838640715,1613.837245,140005.470077515,10.9354838709677,-0.391288652252316,-0.27988759516316,-0.345329257936603,-0.21734853898857
"135","WL1","C",11,0.105,0,21.76838,0,404.249665,0,223.55757,7.0667,0,0,0,20.674165,10.111645,0,31.89774,85.39969,656.642315,95.511335,752.15365,52.571905,6.61715420424384,3.76004107347109,6.45412237926975,3.86556124511979,0.760244990043569,21117.2400074005,38127.8899831884,21395.4900303483,4.26795699376793,17.2054838640715,1613.837245,140005.470077515,10.9354838709677,-0.391288652252316,-0.27988759516316,-0.345329257936603,-0.21734853898857
"136","WL1","CW",2,0.23,24.61815,0,0,117.79003,0,461.59506,79.61486,0,0,0,36.78617,0,11.78513,58.32275,14.191,683.6181,14.191,697.8091,106.89405,6.5479455696536,2.6526079608524,6.52739942836312,4.6718381569871,1.39995270604766,21117.2400074005,38127.8899831884,21395.4900303483,4.26795699376793,17.2054838640715,1613.837245,140005.470077515,10.9354838709677,-0.391288652252316,-0.27988759516316,-0.345329257936603,-0.21734853898857
"137","WL1","CW",9,0.26,0,87.17975,0,0,19.770575,856.363555,0,3.62338,0,0,6.90565,123.364365,3.793715,19.19568,4.191005,966.93726,127.55537,1094.49263,29.895045,6.95090089996973,4.6033511702394,6.77624408475591,3.3963962125815,0.828522396927446,21117.2400074005,38127.8899831884,21395.4900303483,4.26795699376793,17.2054838640715,1613.837245,140005.470077515,10.9354838709677,-0.391288652252316,-0.27988759516316,-0.345329257936603,-0.21734853898857
"138","WL1","CW",11,0.12,0,208.3349,0,31.59771,39.38322,1385.17761,0,0,7.92084,15.64503,45.97405,194.74316,0,19.66807,0,1680.13847,202.664,1882.80247,65.64212,7.54051662140206,5.31154943531675,7.4266314916198,4.18421756307999,1.05341473799303,21117.2400074005,38127.8899831884,21395.4900303483,4.26795699376793,17.2054838640715,1613.837245,140005.470077515,10.9354838709677,-0.391288652252316,-0.27988759516316,-0.345329257936603,-0.21734853898857
"139","WL2","C",1,0.15,0,129.10197,0,0,14.13412,630.24976,0,0,0,0,10.64434,69.08279,0,9.18423,6.63065,773.48585,75.71344,849.19929,19.82857,6.74429389374773,4.32695568761715,6.65090737637456,2.98712382697128,0.923739640854882,19841.0400190353,38303.9999916498,51336.9198689461,2.4450000037329,14.5359946489334,2020.115818,93330.3891601562,7.87096774193548,1.29710195605602,0.220060137398824,1.33617453905848,0.223590291420579
"140","WL2","C",10,0.23,0,50.922505,20.889365,0,5.393745,495.563645,0,0,0,0,8.210895,23.157515,0,11.19741,5.185735,572.76926,28.34325,601.11251,19.408305,6.38247803313215,3.33032230200123,6.33406364604685,2.95355878267107,0.807693146614946,19841.0400190353,38303.9999916498,51336.9198689461,2.4450000037329,14.5359946489334,2020.115818,93330.3891601562,7.87096774193548,1.29710195605602,0.220060137398824,1.33617453905848,0.223590291420579
"141","WL2","C",11,0.12,0,38.957735,70.33969,7.562755,0,514.89772,0,46.11225,0,7.678125,8.94137,42.061035,0,24.345935,21.186165,685.548275,63.2472,748.795475,33.287305,6.59455906598609,4.07530737297506,6.50932999263525,3.49089808099257,1.18973617083496,19841.0400190353,38303.9999916498,51336.9198689461,2.4450000037329,14.5359946489334,2020.115818,93330.3891601562,7.87096774193548,1.29710195605602,0.220060137398824,1.33617453905848,0.223590291420579
"142","WL2","C",12,0.27,0,73.22379,0,0,0,469.9339,0,0,0,0,28.35636,30.21982,0,15.17581,9.75975,543.15769,39.97957,583.13726,43.53217,6.36842259603225,3.68836857363673,6.29739968293106,3.7735002049994,0.907900349204542,19841.0400190353,38303.9999916498,51336.9198689461,2.4450000037329,14.5359946489334,2020.115818,93330.3891601562,7.87096774193548,1.29710195605602,0.220060137398824,1.33617453905848,0.223590291420579
"143","WL2","CW",1,0.13,0,0,44.27076,17.25258,0,146.90495,0,34.13763,0,62.79377,31.76365,0,10.44703,70.39075,29.74275,305.35969,29.74275,335.10244,112.60143,5.81443627612529,3.39258540481359,5.72149039324128,4.72385441544733,1.93810025416312,19841.0400190353,38303.9999916498,51336.9198689461,2.4450000037329,14.5359946489334,2020.115818,93330.3891601562,7.87096774193548,1.29710195605602,0.220060137398824,1.33617453905848,0.223590291420579
"144","WL2","CW",10,0.19,0,138.22919,49.04897,11.14028,0,190.21606,0,0,0,22.19391,23.0381,286.64935,0,21.83677,0,410.82841,286.64935,697.47776,44.87487,6.54747062788251,5.65825969177812,6.01817563340411,3.80387794986831,1.58830175039788,19841.0400190353,38303.9999916498,51336.9198689461,2.4450000037329,14.5359946489334,2020.115818,93330.3891601562,7.87096774193548,1.29710195605602,0.220060137398824,1.33617453905848,0.223590291420579
"145","WL2","CW",11,0.3,28.391025,82.33399,44.79641,24.60906,21.80582,283.71192,13.78,0,0,4.63635,31.616475,62.75921,7.853935,67.13347,26.224585,504.064575,88.983795,593.04837,106.60388,6.38219836581172,3.62882194006535,6.18987292813159,4.65925861233028,1.74597283991942,19841.0400190353,38303.9999916498,51336.9198689461,2.4450000037329,14.5359946489334,2020.115818,93330.3891601562,7.87096774193548,1.29710195605602,0.220060137398824,1.33617453905848,0.223590291420579
"146","WL2","CW",12,0.26,0,90.1351,0,16.15734,14.50384,658.7818,0,0,0,20.96882,31.78862,104.72943,0,60.89448,0,800.5469,104.72943,905.27633,92.6831,6.80824023411064,4.65138016720364,6.6852951191028,4.52918614742948,1.21775288558995,19841.0400190353,38303.9999916498,51336.9198689461,2.4450000037329,14.5359946489334,2020.115818,93330.3891601562,7.87096774193548,1.29710195605602,0.220060137398824,1.33617453905848,0.223590291420579
"147","WL3","C",1,0.16,0,0,0,58.73165,0,280.0354,13.85468,10.02432,0,9.65252,17.99688,0,0,112.41267,14.72027,372.29857,14.72027,387.01884,130.40955,5.95847337401539,2.68922545552382,5.91969613988284,4.87067988300723,1.37663906349678,18000.9500169754,38037.9900151957,59526.9199824333,1.8910214993602,13.8061021667334,2137.762877,176072.449859619,7.74193548387097,1.63203359980594,-0.547009692799897,1.68007784744296,-0.526833360444529
"148","WL3","C",14,0.135,8.83939,0,33.13004,43.59981,12.807465,468.922745,13.253905,5.12539,0,15.96515,4.48179,31.85768,0,36.47856,41.64962,601.643895,73.5073,675.151195,40.96035,6.47872107529515,4.2897362753896,6.34856998985818,3.6324204707411,1.29142955607894,18000.9500169754,38037.9900151957,59526.9199824333,1.8910214993602,13.8061021667334,2137.762877,176072.449859619,7.74193548387097,1.63203359980594,-0.547009692799897,1.68007784744296,-0.526833360444529
"149","WL3","CW",1,0.32,0,0,78.79494,0,26.85981,1023.58588,0,71.50494,0,35.35194,25.89827,40.50755,0,47.8175,73.94879,1236.09751,114.45634,1350.55385,73.71577,7.20827004655841,4.74019344023347,7.11971452649162,4.30021675188245,1.1560117903125,18000.9500169754,38037.9900151957,59526.9199824333,1.8910214993602,13.8061021667334,2137.762877,176072.449859619,7.74193548387097,1.63203359980594,-0.547009692799897,1.68007784744296,-0.526833360444529
"150","WL3","CW",14,0.29,0,224.06863,35.42372,13.48699,11.55882,442.8111,0,0,0,0,9.25884,396.36249,0,34.86601,9.57318,727.34926,405.93567,1133.28493,44.12485,7.03287571220057,6.00619469877162,6.58940677482705,3.78702311581426,1.43349465548817,18000.9500169754,38037.9900151957,59526.9199824333,1.8910214993602,13.8061021667334,2137.762877,176072.449859619,7.74193548387097,1.63203359980594,-0.547009692799897,1.68007784744296,-0.526833360444529
"151","YOSE10","C",5,0.325,0,0,0,156.531715,0,633.72211,8.64142,19.94497,0,5.97467,5.61228,103.40667,0,41.750385,54.70106,824.814885,158.10773,982.922615,47.362665,6.777035470569,5.05955024445026,6.55717431419688,3.66516831817063,1.06489499009478,21229.1400403976,26727.3300433047,74611.9301629066,-3.29276883193562,10.0433871059038,2968.302347,99787.091293335,7.12903225806452,2.92000259787502,1.22797412778705,2.95699535937269,1.12756668686357
"152","YOSE10","CW",5,0.355,0,0,14.76747,18.96481,0,760.782255,14.02397,0,4.91581,28.134585,6.57557,54.064205,0,52.80513,43.983435,836.67309,102.96345,939.63654,59.3807,6.83257911810339,4.60938007104347,6.70764358162814,3.50108546994726,0.960029703757797,21229.1400403976,26727.3300433047,74611.9301629066,-3.29276883193562,10.0433871059038,2968.302347,99787.091293335,7.12903225806452,2.92000259787502,1.22797412778705,2.95699535937269,1.12756668686357
"153","YOSE8","C",1,0.17,125.41475,0,0,430.68674,0,0,115.58228,0,0,0,0,12.06741,0,39.67817,14.24169,671.68377,26.3091,697.99287,39.67817,6.54820888781049,3.26991488694145,6.50978764940832,3.68080116240155,1.20653941689288,25158.3400774002,35852.8300885055,85691.3699438572,-1.32505376211378,12.2484408019371,2590.97836,121571.479949951,7.29032258064516,2.41846890346258,1.04183493223341,2.34039015531017,1.05517831936789
"154","YOSE8","C",5,0.205,41.83135,0,17.107135,145.82444,0,220.78195,36.390825,0,0,7.607175,13.269775,15.63132,0,59.411125,72.566765,469.542875,88.198085,557.74096,72.6809,6.23007803310811,4.46733590548488,6.03165992890896,4.26085716685684,1.59816844840433,25158.3400774002,35852.8300885055,85691.3699438572,-1.32505376211378,12.2484408019371,2590.97836,121571.479949951,7.29032258064516,2.41846890346258,1.04183493223341,2.34039015531017,1.05517831936789
"155","YOSE8","CW",1,0.09,44.99855,0,0,253.67984,0,41.04061,0,87.95624,0,11.72419,8.11348,15.67885,16.52942,25.52154,7.914,439.39943,23.59285,462.99228,50.16444,6.13771038008113,3.16094370002637,6.08540886272618,3.9153064091537,1.64878185333934,25158.3400774002,35852.8300885055,85691.3699438572,-1.32505376211378,12.2484408019371,2590.97836,121571.479949951,7.29032258064516,2.41846890346258,1.04183493223341,2.34039015531017,1.05517831936789
"156","YOSE8","CW",5,0.18,0,0,24.617865,5.99046,7.87498,462.61821,0,12.366485,0,9.156515,10.950565,95.79354,0,19.13938,5.689085,522.624515,101.482625,624.10714,30.089945,6.37252247163928,4.36791971843362,6.21457448962715,3.37526429847461,0.941019323460269,25158.3400774002,35852.8300885055,85691.3699438572,-1.32505376211378,12.2484408019371,2590.97836,121571.479949951,7.29032258064516,2.41846890346258,1.04183493223341,2.34039015531017,1.05517831936789
